INDEX,TITLE,CONTENT,URL,ENGLISH
0,복수전공,"복수전공 신청 안내
1. 신청대상자  : 본교 1학년 과정 이상을 수료한 재학생

2. 신청기간 : 매학기 소정 기간 내 (1학기는 1월 중, 2학기는 7월 중 신청)

※ 자세한 일정은 학사공지의 개별 공지사항 참고

3. 신청절차 및 방법

1) 복수전공 신청서 작성
2) 소속 학부(과)장 및 부전공 학부(과)장 승인
3) 신청서 교무팀(본관 108호) 제출
4) 복수전공 승인
5) 제출서류 : 부전공 신청서 1부, 성적증명서 1부

4. 복수전공 이수학점

1)복수전공 이수 인정에 필요한 학점은 복수전공 학부(과) 전공과목(전공필수과목 반드시 이수)중에서 42학점 이상으로 함.  (선수과목 지정시 반드시 이수해야 함)
2) 동일학부 내에서 복수전공 학점은 36학점이상으로 함.  복수전공 과목 학점 미취득자는 복수전공을 인정하지 아니함.
3) 복수전공 이수자는 졸업학기말 성적 산출 후 복수전공 학부(과)에서 복수전공 과목 이수를 확인하여 복수전공 이수확인서를     교무팀(본관108호)에 제출, 복수전공 과목 학점을 인정 받음.
4) 주전공 및 융합전공 동일교과목을 중복으로 인정하지 않음.

5. 복수전공 관련 양식

복수전공(신청원, 취소원, 이수확인서)양식
※ 복수전공 이수 확인서는 4학년 졸업학기말 성적 산출 후 제출

6. 참고사항

1) 복수전공 변경 및 취소는 매학기 소정 기한내 신청 가능(학사공지 공지사항 참고)
2) 복수전공 신청 전에 이수한 복수전공 교과목도 복수전공 이수로 인정됨 (복수전공 신청년도에 따라 다를 수 있음)

문의 : 각 학부(과)   관리 : 교무팀
전화번호02-300-0457
E-mailkyomu@kau.ac.kr",https://kau.ac.kr/web/pages/gc95047h.do,"Guide to applying for a double major
1. Subject to application: Students who have completed the first-year course or higher at this school

2. Application period: Within the prescribed period of each semester (apply in January for the first semester and July for the second semester)

※ For a detailed schedule, please refer to the individual notice in the academic notice

3. Application procedures and methods

1) Complete the Double Major Application Form
2) Approval of the head of the affiliated department (department) and the head of the minor department (department)
3) Submission of application form to the school affairs team (main building No. 108)
4) Double major approval
5) Documents to be submitted: 1 minor application form, 1 transcript of transcript

4. a double major completion credit

1)The credit required for recognizing the completion of a double major shall be at least 42 credits from the undergraduate (department) major course (must complete the required major course).  (Must complete the course when designating the course)
2) Double major credits within the same department shall be 36 credits or more.  Those who have not obtained double major credits are not recognized for double major.
3) After calculating the grades at the end of the graduation semester, those who have completed a double major confirm the completion of a double major at the undergraduate department (department) and submit a confirmation of completion of a double major to the school affairs team (main office No. 108), and receive credit for a double major.
4) The same subject of main engineering and convergence major is not recognized as overlapping.

5. Double major related forms

Double major (applicant, cancellation, confirmation of completion) form
※ Confirmation of completion of double major shall be submitted after calculation of grades at the end of the fourth year's graduation semester

6. Notes

1) Double major changes and cancellations can be applied within the prescribed period of each semester (see the announcement of the academic announcement)
2) Double major subjects completed before applying for double major are also recognized as double major completion (depending on the year of application for double major)

Inquiry: Management of each department (department) : School affairs team
Phone Number 02-300-0457
e-mailkyomu@kau.ac.kr"
1,부전공,"부전공 신청 안내
1. 신청대상자  : 본교 1학년 과정 이상을 수료한 재학생

2. 신청기간 : 매학기 소정 기간 내 (1학기는 1월 중, 2학기는 7월 중 신청)

※ 자세한 일정은 학사공지의 개별 공지사항 참고

3. 신청절차 및 방법

1) 부전공 신청서 작성
2) 소속 학부(과)장 및 부전공 학부(과)장 승인
3) 신청서 교무팀(본관 108호) 제출
4) 부전공 승인
5) 제출서류 : 부전공 신청서 1부, 성적증명서 1부

4. 부전공 이수학점

1)부전공 이수 인정에 필요한 학점은 부전공 학부(과) 전공과목(전공필수과목 9학점이상 이수)중에서 24학점 이상으로 함.    (선수과목 지정시 반드시 이수해야 함)
2) 부전공 이수자는 졸업학기말 성적 산출 후 부전공 학부(과)에서 부전공 과목 이수를 확인하여 부전공 이수확인서를    교무팀(본관108호)에 제출, 부전공 과목 학점을 인정 받음.
3) 주전공 및 융합전공 동일교과목을 중복으로 인정하지 않음.

5. 부전공 관련 양식

부전공(신청원, 취소원, 이수확인서)양식
※ 부전공 이수 확인서는 4학년 졸업학기말 성적 산출 후 가능

6. 참고사항

1) 부전공 변경 및 취소는 매학기 소정 기한내 신청 가능(학사공지 공지사항 참고)
2) 부전공 신청 전에 이수한 복수전공 교과목도 복수전공 이수로 인정됨

문의 : 각 학부(과)   관리 : 교무팀
전화번호02-300-0457
E-mailkyomu@kau.ac.kr",https://kau.ac.kr/web/pages/gc81492h.do,"""Informations on the application for non-performing workers""
1. Subject to application: Students who have completed the first-year course or higher at this school

2. Application period: Within the prescribed period of each semester (apply in January for the first semester and July for the second semester)

※ For a detailed schedule, please refer to the individual notice in the academic notice

3. Application procedures and methods

1) Complete the Minor Application Form
2) Approval of the head of the affiliated department (department) and the head of the minor department (department)
3) Submission of application form to the school affairs team (main building No. 108)
4) Minority approval
5) Documents to be submitted: 1 minor application form, 1 transcript of transcript

4. a minor completion credit

1)The credit required for recognizing the completion of the minor major shall be at least 24 credits from the minor undergraduate (department) major course (at least 9 credits required for the major). (Must be completed when designating a course)
2) a minorAfter calculating the grades at the end of the graduation semester, Souza confirmed the completion of the minor course at the minor department (department) and submitted a confirmation of completion of the minor to the school affairs team (main office No. 108), and received credit for the minor course.
3) The same subject of main engineering and convergence major is not recognized as overlapping.

5. a minor-related form

Form for minor (applicant, cancellation, confirmation of completion)
※ Confirmation of completion of minor is possible after calculating grades at the end of the fourth year's graduation semester

6. Notes

1) Sub-major changes and cancellations can be applied within the prescribed period of each semester (refer to the announcement of the academic announcement)
2) Double major courses completed before applying for a minor are also recognized as double major completion

Inquiry: Management of each department (department) : School affairs team
Phone Number 02-300-0457
e-mailkyomu@kau.ac.kr"""
2,전과,"전과 신청 안내
1. 신청 대상자
구분 : 2학년 전과 - 1학년(33학점이상 이수) 수료 & 2학기 이수자
비고 : [경영학부] - 평점평균3.0 / 토익700점 이상 신청가능
[항공전자정보공학부] - 평점평균3.0 이상 신청가능
[항공운항학과] - 평점평균3.5/토익800점 이상 신청가능

구분 : 3학년 전과 - 2학년(65학점 이상 이수) 수료 & 4학기 이수자
비고 : [경영학부] - 평점평균3.0 / 토익700점 이상 신청가능
[항공전자정보공학부] - 평점평균3.0 이상 신청가능
[항공운항학과] - 평점평균3.5/토익800점 이상 신청가능
휴학생은 전과 신청 전 복학신청을 해야 함
2. 신청기간

매년 소정 기간 내 (1월 중 신청)
자세한 일정은 학사공지 ‘전과 신청안내’ 참고

3. 제출서류 및 제출처
구분 : 공통서류 - 전과신청서 각 1부, 성적증명서 1부
비고 : 전과 희망 학부(과) 사무실

구분 : 경영학부, 항공교통물류학부 - 토익성적증명서 1부
비고 : 전과 희망 학부(과) 사무실

구분 : 항공운항학과 - 전과지원서 1부, 토익성적증명서 1부, 항공신체검사증명서 1부
비고 : 전과 희망 학부(과) 사무실

4. 신청절차

전과신청서 제출(각 학부(과) 사무실) → 학부(과) 전과 심의 → 심사결과개별통보
※ 면접 실시 학과는 학과에서 일정 개별 통보

5. 신청서 양식

전과 신청원 양식

문의 : 각 학부(과)   관리 : 교무팀전화번호02-300-0457E-mailkyomu@kau.ac.kr",https://kau.ac.kr/web/pages/gc45400h.do,"Information on applying for a criminal record
1. Subject to Application
Classification: Prior to 2nd grade - 1st grade (over 33 credits) & 2nd semester completion
Note: [Dept of Business Administration] - Average rating of 3.0 / TOEIC 700 points or higher can be applied
[Department of Aviation Electronics and Information Engineering] - You can apply for an average rating of 3.0 or higher
[Department of Aviation Operations] - You can apply for an average rating of 3.5 / TOEIC 800 points or more

Classification: Prior to 3rd grade - 2nd grade (over 65 credits) & 4th semester completion
Note: [Dept of Business Administration] - Average rating of 3.0 / TOEIC 700 points or higher can be applied
[Department of Aviation Electronics and Information Engineering] - You can apply for an average rating of 3.0 or higher
[Department of Aviation Operations] - You can apply for an average rating of 3.5 / TOEIC 800 points or more
Students on leave of absence must apply to return to school before applying for a transfer
2. Application period

a fixed period of time every year I (apply in January)
For a detailed schedule, refer to the academic announcement ""Information on Application for Confectionery""

3. Submission documents and where to submit them
Classification: Common documents - 1 copy each of the application for transfer and 1 copy of the transcript
Remark: Office of the graduate department (department) who wants to transfer

Classification: Department of Business Administration, Department of Air Transportation and Logistics - TOEIC score certificate Part 1
Remark: Office of the graduate department (department) who wants to transfer

Classification: Department of Aviation Operations - 1 criminal record application, 1 TOEIC score certificate, 1 aviation physical examination certificate
Remark: Office of the graduate department (department) who wants to transfer

4. Application procedures

Submission of application for transfer of a criminal record (office of each undergraduate department) → Review of transfer of an undergraduate department → Notification of the results of the review individually
※ Interview departments are notified individually of their schedules

5. Application Form

Form for ex-conviction applicants

Inquiry: Management of each undergraduate department: Faculty team number 02-300-0457E-mailkyou@kau.ac.kr"
3,학석사 연계과정,"학·석사 연계과정 안내
1. 학·석사 연계과정이란?

학·석사 연계과정은 학사과정과 석사과정을 연계하여 수업연한을 단축하여 5년 또는 5.5년 내에 학사, 석사과정을 완료할 수 있는 과정

수업연한 5년 : 학사학위과정 3.5년 및 석사학위과정 1.5년
수업연한 5.5년 : 학사학위과정 4년 및 석사학위과정 1.5년

2. 선발 및 입학 절차

1.지원
대학원 입학 지원
일대원

2.합격
대학원 입학 지원
일대원

3.과목이수
대학원과목 6학점 이수(학부 7학기 이수)
일대원

4. 졸업요건
학사 졸업요건 충족
교무팀

5. 등록
대학원 등록금 납부
일대원

6. 졸업
학부졸업
교무팀

7. 입학
대학원 입학
일대원

* 대학원 진학 후 첫 학기는 휴학불가(군 휴학/병가만 가능)

3. 입학지원 및 선발

가. 모집인원 : 대학원 석사과정 입학정원의 30% 범위 내

나. 지원자격 :

학사학위과정 5 개학기 이상 7개 학기 이하를  등록한 자
평점평균 3.0 이상인 자
학부 ( 과 ) 장 추천을 받은 자

다. 지원시기 : 매년 전기 또는 후기 모집 (4 월 / 10 월경 )
라. 문 의 처 : 대학원행정실 02-300-0303/0304

4. 학부졸업조건

가. 졸업요건

구분 : 2012 학번 이전
학부 졸업학점 : 134학점
대학원 과목 : 6학점 (학사 7학기에 이수)
평점 평균 : 3.5 이상
대학원 등록 : 대학원 등록을 필한 자
비고 : 학부졸업요건 충족하여야 졸업가능

구분 : 2013학번 이후
학부 졸업학점 : 124학점
대학원 과목 : 6학점 (학사 7학기에 이수)
평점 평균 : 3.5 이상
대학원 등록 : 대학원 등록을 필한 자
비고 : 학부졸업요건 충족하여야 졸업가능

나. 문 의 처 : 교무팀 02-300-0016

5. 학석사연계과정 취소요건

가. 대학원 입학 이전에 연계과정을 중도 포기한 자 ☞ 대학원행정실로 “학석사연계과정 포기원” 제출
나. 학부 졸업요건을 충족하지 못한 자
다. 대학원 과목을 이수하지 않은 자
라. 대학원 등록금을 납부하지 않은 자",https://kau.ac.kr/web/pages/gc51173h.do,"Guide to the course of linking academic and master's degrees
1. What is the course of linking academic and master's degrees?

A course in which a bachelor's course and a master's course can be completed within five or 5.5 years by shortening the period of study by linking the bachelor's course and the master's course

Five years of study: 3.5 years for bachelor's degree and 1.5 years for master's degree
5.5 years of study: 4 years of bachelor's degree program and 1.5 years of master's degree program

2. selection and admission procedures

1. Support
application for graduate school admission
one's circle

2. Passed
application for graduate school admission
one's circle

3. Subject completion
Graduate course 6 credits completed (7 semesters of undergraduate department)
one's circle

4. Requirements for graduation
Meeting Bachelor's Graduation Requirements
the school affairs team

5. Registration
Graduate tuition payment
one's circle

6. Graduation
undergraduate graduation
the school affairs team

7. admission
admission to graduate school
one's circle

* No leave of absence for the first semester after entering graduate school (only leave of absence/sick leave of absence in the military)

3. Admission application and selection

go. Number of recruits: Within 30% of the enrollment quota for graduate school master's courses

I. Eligibility for application:

A person who has registered a bachelor's degree course 5 or more and seven semesters or less
A person with an average rating of 3.0 or higher
a person recommended by the head of an undergraduate department

All. When to apply: Recruitment of the first half or later every year (April / October menstruation)
La. Inquiries: Graduate Administration Office 02-300-0303/0304

4. Undergraduate graduation conditions

go. Requirements for graduation

Classification: Before the 2012 school year
Undergraduate graduation credit: 134 credits
Graduate course: 6 credits (completed in 7 semesters of bachelor's degree)
Average rating: 3.5 or higher
Graduate registration: A person who has completed graduate registration
Note: Graduation is possible only when undergraduate graduation requirements are met

Classification: Since 2013
Undergraduate credit: 124 credits
Graduate course: 6 credits (completed in 7 semesters of bachelor's degree)
Average rating: 3.5 or higher
Graduate registration: A person who has completed graduate registration
Note: Graduation is possible only when undergraduate graduation requirements are met

I. Contact: Teacher's Team 02-300-0016

5. Requirements for cancellation of academic and academic courses

go. A person who gave up the linkage course before entering the graduate school ☞ Submission of ""Waiver of Academic Master Association Course"" to the graduate administration office
I. Those who fail to meet the requirements for undergraduate graduation
All. a person who has not completed a graduate course
La. a person who has not paid graduate tuition"
4,일정,"제 1 학기
구분 : '23.1 January
2023. 1. 1(일) : 신정
2023. 1. 2(월) ~ 6(금) : 복학 집중신청
2023. 1. 2(월) ~ 20(금) : 동계 계절학기
2023. 1. 21(토) ~ 23(월) (1. 24(화) 대체휴일) : 설날

구분 : 2 February
2023. 2. 2(목) ~ 3(금) : 장바구니 수강신청
2023. 2. 9(목) ~ 10(금) : 본 수강신청
2023. 2. 13(월) ~ 17(금) : 휴학 집중신청
2023. 2. 20(월) ~ 24(금) : 등록
2023. 2. 24(금) : 전기 학위수여식(제66회)
2023. 2. 28(화) : 신입생 입학식

구분 : 3 March
2023. 3. 1(수) : 삼일절
2023. 3. 2(목) : 개강
2023. 3. 2(목) ~ 8(수) : 수강신청 변경
2023. 3. 29(수) : 수업일수 4주선

구분 : 4 April

구분 : 5 May
2023. 5. 5(금) : 어린이날
2023. 5. 10(수) : 수업일수 2/3선

구분 : 6 June
2023. 5. 27(일) : 석가탄신일
2023. 6. 6(화) : 현충일
2023. 6. 8(목) ~ 14(수) : 보강기간
2023. 6. 15(목) ~ 22(목) : 기말시험
2023. 6. 16(금) : 개교기념일(제71회)

구분 : 7 July
2023. 7. 3(월) : 하계 계절학기 개강
2023. 7. 3(월) ~ 7(금) : 복학 집중신청
2023. 7. 21(금) : 하계 계절학기 종강

제 2 학기

8월:
- 3일(목) ~ 4일(금): 장바구니 수강신청
- 10일(목) ~ 11일(금): 본 수강신청
- 14일(월) ~ 18일(금): 휴학 집중신청
- 15일(화): 광복절
- 18일(금): 후기 학위수여식(제66회)
- 21일(월) ~ 25일(금): 등록기간
- 28일(월): 개강

9월:
- 28일(월) ~ 1일(금): 수강신청변경
- 24일(일): 수업일수 4주선
- 28일(목) ~ 30일(토): 추석

10월:
- 3일(화): 개천절
- 9일(월): 한글날

11월:
- 5일(일): 수업일수 2/3

12월:
- 4일(월) ~ 8일(금): 보강
- 11일(월) ~ 15일(금): 기말시험
- 25일(월): 성탄절
- 26일(화) ~ 1월 16일(화): 동계 계절학기

24.1월:
- 1일(월): 신정
- 8일(월) ~ 12일(금): 복학 집중신청

24.2월:
- 6일(화) ~ 7일(수): 장바구니 수강신청
- 9일(금) ~ 12일(월): 설날연휴
- 15일(목) ~ 16일(금): 본 수강신청
- 14일(수) ~ 20일(화): 휴학 집중신청
- 23일(금): 전기 학위수여식(제 67회)
- 19일(월) ~ 23일(금): 등록
- 29일(목): 신입생 입학식

문의 : 교무팀/윤미경
전화번호02-300-0011
E-mailmkyoon@kau.ac.kr",https://kau.ac.kr/web/pages/gc74039h.do,"the first semester
Classification: '23.1 January
2023.1.1 (Sunday): New Year's Day
2023. 1. 2 (Monday) to 6 (Fri): Intensive application to return to school
2023. 1. 2 (Monday) to 20 (Fri): Winter Seasonal Semester
2023. 1. 21 (Sat) to 23 (Mon) (1. 24 (Tue) Alternative Holidays): Lunar New Year

Classification: 2 February
February 2, 2023 (Thursday) to 3 (Friday): Register for a shopping cart class
February 9, 2023~10(Fri): Register for this course
February 13, 2023 (Monday) to 17 (Fri): Intensive application for leave of absence
February 20, 2023 (Monday) to 24 (Fri): Registration
February 24, 2023 (Fri): First-time degree ceremony (66th)
February 28, 2023 (Tue): Entrance ceremony for freshmen

Classification: 3 March
March 1, 2023 (Wednesday): March 3rd
March 2, 2023 (Thursday): School starts
2023. March 2 (Thursday) to 8 (Wednesday): Change of course registration
March 29, 2023 (Wednesday): Four weeks of class days

Classification: 4 April

Division: 5 May
May 5, 2023 (Fri): Children's Day
May 10, 2023 (Wednesday): 2/3 class days

Classification: 6 June
May 27, 2023 (Sunday): Buddha's Birthday
June 6, 2023 (Tuesday): Memorial Day
2023. June 8 (Thursday) to 14 (Wednesday): Reinforcement period
June 15, 2023 (Thursday) to 22 (Thursday): Final exam
June 16, 2023 (Fri): School anniversary (71st)

Classification: 7 Julie
July 3, 2023 (Monday) : Summer seasonal semester begins
July 3, 2023 (Monday) to 7 (Fri): Intensive application to return to school
July 21, 2023 (Fri): Summer seasonal semester ends

the second semester

August:
- 3rd (Thursday) to 4th (Friday): Register for a shopping cart class
- 10th (Thursday) to 11th (Friday): Register for this course
- 14th (Monday) to 18th (Fri): Intensive application for leave of absence
- 15th (Tue): Liberation Day
- 18th (Fri): Post-degree Award Ceremony (66th)
- 21st (Monday) to 25th (Fri): Registration period
- 28th (Monday): School starts

September:
- 28th (Monday) to 1st (Fri): Change course registration
- 24th (Sunday): 4 weeks of class days
- 28th (Thursday) to 30th (Saturday): Chuseok

October:
- 3rd (Tuesday): National Foundation Day
- 9th (Monday): Hangul Day

November:
- 5th ( )Day): 2/3 of the class days

December:
- 4th (Monday) to 8th (Fri): Reinforcement
- 11th (Monday) to 15th (Fri): Final exam
- 25th (Monday): Christmas
- 26th (Tue) to January 16th (Tue): Winter season semester

24.1 January:
- 1st (Monday): New Year's Day
- 8th (Monday) to 12th (Fri): Intensive application to return to school

24.February:
- 6th (Tue) to 7th (Wednesday): Register for a shopping cart course
- 9th (Fri) to 12th (Mon): Lunar New Year's Day
- 15th (Thursday) to 16th (Friday): Register for this course
- 14th (Wednesday) to 20th (Tuesday): Intensive application for leave of absence
- 23rd (Fri): Electricity degree ceremony (67th)
- 19th (Monday) to 23rd (Fri): Registration
- 29th (Thursday): Entrance ceremony for freshmen

Inquiry: Teacher Team/Yoon Mi-kyung
Phone number 02-300-0011
e-mailmkyoon@kau.ac.kr"
5,수강지도상담,"수강지도 상담
1. 목적

학기개시 전 다음학기에 대한 수강계획 상담을 통해 학사지도 및 관리를 강화하고, 효율적인 학점 취득 추구

2. 대상

해당학기 수강예정 학부생 전원(※ 단, 학기별 신·편입생은 입학한 첫 학기에는 상담 대상이 아님)

3. 기간

학사공지 게시판을 통하여 학기별 별도 공지(1학기 1월중, 2학기 7월 중)

4. 상담방법

역량관리시스템 내 수강지도상담 메뉴 이용

메뉴 위치 : 종합정보시스템 하단 메뉴 &gt; 역량관리시스템 &gt; 통합상담 &gt; 지도교수상담 &gt; 수강지도상담
수강지도상담은 반드시 역량정보시스템 내 수강지도상담 메뉴를 통하여 진행하여야 하며, 기타방법(이메일, 전화 등)의 상담은 미인정

5. 상담절차

가. 수강지도상담 작성 : 학기별 개설된 전공과목 중 학생 본인이 듣고자 하는 과목의 '신청(학생)'란에 체크하여 신청. 본전공 외 교양, 다전공 관련 사항은 '전공외'란 및 '내용'란에 줄글로 기입
나. 상담내용 검토 : 학생의 수강상담 신청내역이 학생의 학사 진행에 적절한지 지도교수가 검토 후 승인 또는 반려
(반려 시 '가. 수강지도상담 작성' 재진행)

다. 수강지도상담 완료 : 학생의 수강지도상담 신청 내역을 지도교수가 승인할 경우 상담 완료

6. 상담대상 과목

대상학기 개설된 주전공 과목

기타 과목에 대한 수강계획은 '전공외'란에 이비력
본인 수강 가능 학점 내에서 상담과목 선택

7. 기타 주의사항

■ 수강지도 상담 미완료시 수강신청 불가
■ 수강지도상담 과목 신청이 수강신청을 의미하는 것은 아니며, 실제 수강신청시 과목별 수강제한인원이 초과된 경우 수강지도상담 시 신청한 과목을 수강신청하지 못할 수도 있음에 유의바람

성적 경고자 상담
1. 대상

직전학기 성적경고자(평점 1.8미만)

2. 시기

학부(과)별로 상이

3. 방법

가. 학부(과)사무실 통해 지도교수와의 상담일정 수립 및 상담일지 수령
나. 지도교수 상담
다. 학부(과)사무실로 상담일지 제출

4. 기타 안내

성적경고자 상담 미완료시 수강신청 불가

문의 : 교무팀/김현수
전화번호02-300-0364
E-mailkhs@kau.ac.kr",https://kau.ac.kr/web/pages/gc6309h.do,"Course guidance counseling
1. Purpose

Strengthen academic guidance and management through consultation on the course plan for the next semester before the start of the semester, and seek efficient credit acquisition

2. Target

All undergraduate students scheduled to take this semester ( ※ However, new and transferred students by semester are not eligible for counseling in the first semester of admission)

3. period

Separate notice for each semester through the academic bulletin board (in January of the first semester, in July of the second semester)

4. Consultation Method

Use of course guidance counseling menu in competency management system

Menu Location: Comprehensive Information System Bottom Menu &gt; Competency Management System &gt; Integrated Counseling &gt; Advisor Counseling &gt; Course Guidance Counseling
Course guidance counseling shall be conducted through the course guidance counseling menu within the competency information system, and counseling on other methods (email, telephone, etc.) shall be conducted Not recognized

5. Consultation procedures

go. Preparation of course guidance counseling: Apply by checking the 'Application (Student)' column of the subject you want to take among the major courses opened for each semester. Matters concerning education and multi-major in addition to the main major shall be entered in a row in the ""non-major"" and ""contents"" columns
I. Review of counseling contents: The advisor reviews whether the student's application for class counseling is appropriate for the student's academic progress and approves or rejects it
(Go for a companion poem). Re-proceeding 'Preparation of Course Guidance Counseling')

All. Completion of course guidance counseling: Consultation is completed when the advisor approves the student's application for course guidance counseling

6. Subjects subject to consultation

Subjects for the main course opened for the target semester

Course plans for other subjects in the 'Out-of-major' column
Select a consultation course within the credit available to you

7. Other precautions

■ Course registration is not possible if course guidance counseling is not completed
■ Application for course guidance counseling does not mean registration for classes, and if the number of students restricted for each subject is exceeded when actually registering for classes, it may not be possible to register for the courses applied for during course guidance counseling

Consultation with sexual warnings
1. Target

Performance grade of the previous semester (less than 1.8 rating)

2. the time

Different undergraduate departments

3. method

go. Establishment of consultation schedule with supervisor through undergraduate (department) office and receipt of consultation journal
I. counseling with one's supervisor
All. Submit a consultation journal to the undergraduate (department) office

4. Other Instructions

Course cannot be registered if consultation for grade competitors is not completed

Inquiry: Teacher's Team/Kim Hyunsoo
Phone number 02-300-0364
e-mailkhs@kau.ac.kr"
6,재수강,"재수강
1. 재수강 요건

가. 기 취득 성적이 C+ 이하로서,  (취득성적 없을 경우 재수강 불가)
나. 해당학기 해당과목 또는 대체과목이 개설된 경우

2. 재수강시 제한사항

가. 신청가능 학점 : 학기당 수강신청 가능학점(18학점) 내에서 제한 없이 신청가능
나. 동일과목 재수강 제한횟수 : 2회(단, 필수과목은 예외)
다. 취득 상한 학점 : 최초재수강 A0, 재수강과목을 다시 수강할 경우 B+

3. 재수강 성적의 처리

가. 새로 취득한 학점의 처리가 완료된 후 기취득학점의 성적은 R(Retake)로 대체됨.
나. 새로 취득한 학점은 수강학기 성적에 포함됨

4. 재수강 대체 과목 확인 방법

수강신청 페이지 - 재수강/대체과목조회 또는 종합정보시스템 - 학사시스템 - 강좌정보 - 대체교과목조회

문의 : 교무팀/김현수
전화번호02-300-0364
E-mailkhs@kau.ac.kr",https://kau.ac.kr/web/pages/gc61422h.do,"Course retake
1. re-take requirements

go. The previous acquisition result is C+ or less, (If there is no acquisition result, re-lecture cannot be made)
I. Where the relevant course or alternative course for the relevant semester has been established

2. Restrictions for retaking classes

go. Applicable credit: You can apply without restriction within the available credit (18 credits) per semester
I. Restricted number of retaking the same course: 2 times (except for required courses)
All. Acquisition upper limit credit: First retake A0, B+ if you take the retake course again

3. Processing of retake grades

go. After the processing of the newly acquired credits is completed, the grades of the acquired credits are replaced by R (Retake).
B. Newly acquired credits are included in the semester grades

4. How to check alternative courses for retaking classes

Course Registration Page - Re-take/Alternative Course Inquiry or Comprehensive Information System - Academic System - Course Information - Alternative Course Inquiry

Inquiry: Teacher's Team/Kim Hyunsoo
Phone number 02-300-0364
e-mailkhs@kau.ac.kr"
7,폐강,"폐강
1. 폐강 기준

가. 수강신청 인원이 전공 10명, 교양 20명 미만인 경우 해당 강의는 폐강함 (학칙 시행세칙 제 8조 6항에 의거)
나. 수강신청 인원이 기준인원에 미달하더라도, 폐강 예외과목에 해당할 경우 폐강치 않을 수 있음

2. 폐강 절차

가. 폐강 예상교과목 공고

수강정정기간 첫날 6시 이후 폐강이 예상되는 교과목을 공고하여 수강생들이 자율적으로 수강내역을 조정할 수 있도록 한다.
단, 이 때 폐강예정과목은 당일 14시 당시의 수강인원을 기준으로 한다.

나. 폐강 공고 : 수강정정 기간 종료 후, 폐강기준에 해당하는 과목들을 공고하고 폐강처리한다.

문의 : 교무팀/김현수
전화번호02-300-0364
E-mailkhs@kau.ac.kr",https://kau.ac.kr/web/pages/gc84448h.do,"an abandoned steel
1. closed steel standard

go. If the number of applicants for the course is less than 10 majors or 20 liberal arts students, the relevant lecture is closed (in accordance with Article 8, Paragraph 6 of the Enforcement Rules of the School Rules)
I. Even if the number of applicants for classes falls short of the standard number of people, they may not be closed if they fall under the exception of closed lectures

2. closing procedure

go. Announcement of expected closing courses

The course that is expected to be closed after 6 o'clock on the first day of the course correction period shall be announced so that students can voluntarily adjust their course details.
Provided, That at this time, the subjects scheduled to be closed shall be based on the number of participants at 14:00 on the day.

B. Announcement of closure: After the completion of the course correction period, the subjects that meet the criteria for closure are announced and closed.

Inquiry: Teacher's Team/Kim Hyunsoo
Phone number 02-300-0364
e-mailkhs@kau.ac.kr"
9,사회봉사과목,"사회봉사 과목이수안내
1. 사회봉사 이수방법

이론교육(4시간) + 봉사활동(34시간 이상)

2. 사회봉사 운영
이수구분 : 교양 선택
학점인정 : 1학점
비고 : “P”(Pass), “NP”(Non-Pass)

※ 수강신청 시 본인 최대수강신청 학점에 미포함
※ 재학 중 1회 1학점씩 총 2회 2학점까지 이수 가능
※ 성적산출시 취득학점에 포함, 평점평균 산정에 미포함
※ 연속 2회 “NP”일 경우 수강신청 불가

3. 사회봉사활동 인정기간

수강신청 직전학기 기말시험 시작일 ~ 수강신청 학기 기말시험 전까지(※ 헌혈은 기간제한 없음)

4. 사회봉사활동 기관 인정 범위

가. 시·도 및 시·군·구 자원봉사센터, 청소년활동진흥센터, 기타 사회복지관, 지역아동센터, 사회복지법인 사회복지봉사활동인증관리(VMS) 및
1365자원봉사포털에 등록되어 ‘사회복지 봉사활동 실적 인증서(VMS)’ 및 ‘자원봉사활동 확인서(1365)’가 출력되는 기관

VMS 출력 시 필히 ‘봉사자 실적 내역정보’ 출력하여 제출

니. 비영리민간단체(봉사활동확인서 제출 시 ‘비영리민간단체등록증’ 사본 첨부)

다. 해외봉사 : 인증된 국제 NGO단체

NGO(Non-Governmental Organization 비정부기구)는 지역-국가-국제적으로 조직된 자발적인 비영리 시민단체

라. 자원봉사센터 및 시민단체와 연계하여 하는 농촌봉사활동

마. 총학생회 주관 자원봉사

1학기 : 항공산타, 신입생새로배움터, 은익제 등
2학기 : 항공제, 하계방학 중 실시 한 사회봉사활동 등

바. 기타 부서 주관 대외행사 및 교내 자원봉사

입학관리팀 ‘모교입시 설명회’, 국제교류부 ‘Global-Buddy’, 항공우주박물관 ‘안내봉사’ 등

사. 헌혈활동 : 헌혈증 제출

1회 기준 4시간 인정
1학기 최대 2회(8시간)까지만 인정
추후 본교 재학생 중 필요한 학생 및 저소득층, 백혈병 소아암 협회, 관련 사회복지기관 등에게'항공대 재학생' 이름으로 기증

5. 사회봉사활동 미인정 범위

가. 공공기관, 행정기관에서의 봉사활동

공공기관 : 주민센터(구. 동사무소), 시.도.군.구청, 경찰서, 세무서, 소방서, 우체국 등
정부행정기관 : 국세청, 법원, 감사원, 국회 등

나. 도서관(단, 시각장애인을 위한 점자도서관은 인정), 어린이집, 경로당, 종교관련 봉사활동
다. 시·군·구 개최, 지역 개최 봉사활동(단, 교육과학기술부에서 공문화 되어 온 봉사활동은 인정)
라. 제출기간까지 봉사활동확인서가 미발급되거나 기간 및 시간이 정확히 기재되지 않은 봉사활동
(예 : 중앙일보 '공부의 신')

6. 제출서류

가. “사회봉사”과목 학점인정 서류

수강신청 전원 제출, 미제출시 학점인정 안됨
본교 총학생회 주관 자봉단 활동 시에도 제출

나. 사회봉사활동확인서(봉사활동을 실시한 기관에 양식이 없을 경우 사용)

7. 유의사항

가. 필히 ‘이론교육’ 4시간을 이수해야 봉사활동확인서 제출 시 학점 인정
나. 봉사활동 확인서는 원본을 제출하여야 하며, 제출한 서류는 일체 반환하지 않음
다. 봉사활동 확인서 수정 금지 (수정 시 담당자 날인이 없을 경우 무효 처리)
* 문의사항 : 02-300-0014

문의 : 교무팀
전화번호 : 02-300-0014
E-mail : mjkwak@kau.ac.kr",https://kau.ac.kr/web/pages/gc18564h.do,"social service course completion guide
1. How to complete community service

Theoretical training (4 hours) + volunteer work (34 hours or more)

2. community service operation
Classification of completion: Select liberal arts
Credit recognition: 1 credit
비고 : “P”(Pass), “NP”(Non-Pass)

※ When registering for a class, you are not included in your maximum enrollment
※ You can take up to two credits, one credit once while attending school
※ Included in the acquisition credit when calculating grades, not included in the average calculation of grades
※ Unable to register for classes if it is ""NP"" twice in a row

3. Period of recognition of community service activities

The start date of the final examination of the semester immediately before the course registration until the final examination of the semester ( ※ There is no period limit for blood donation)

4. Scope of Recognition of Community Service Agencies

go. Si/Do, Si/Gun/Gu volunteer service centers, youth activity promotion centers, other social welfare centers, local children's centers, social welfare corporation social welfare service activity certification management (VMS), and
An institution registered in the 1365 Volunteer Portal and printed with the 'Social Welfare Volunteer Activity Performance Certificate (VMS)' and 'Volunteer Activity Confirmation Certificate (1365)'

Print and submit 'Volunteer Performance Details' when printing VMS

You. Non-profit private organizations (attached with a copy of the 'non-profit private organization registration certificate' when submitting a confirmation of volunteer activities)

All. Overseas Service: Certified International NGO Organization

Non-Governmental Organization Non-Governmental Organizations (NGOs) are voluntary non-profit civic groups organized locally, nationally and internationally

La. Rural volunteer activities in connection with volunteer service centers and civic groups

bad luck. Volunteer work organized by the student council

1st Semester: Aviation Santa, Freshman Learning Center, Eunikje, etc
2nd Semester: Air flight, community service activities conducted during summer vacation, etc

Bar. Other department-organized external events and in-school volunteer work

Admissions Management Team's ""Informational Meeting on Entrance Entrance to Alma mater,"" the Ministry of International Exchange's ""Global-Buddy,"" and the Aerospace Museum's ""Information Service.""

Buy. Blood Donation Activities: Submitting a Blood Donation Certificate

4 hours per time
Only up to two times (8 hours) in the first semester
In the future, donation under the name of ""Airlines University Student"" to students in need, low-income families, leukemia childhood cancer associations, and related social welfare institutions

5. Scope of non-recognition of community service activities

go. volunteer work at public and administrative agencies

Public Institution: Community Center (formerly Dong Office), city, province, county.District offices, police stations, tax offices, fire stations, post offices, etc
Government administrative agencies: IRS, courts, Board of Audit and Inspection, National Assembly, etc

I. Library (however, braille libraries for the visually impaired are recognized), daycare centers, senior citizen centers, and religious-related volunteer activities
All. Volunteer activities held in Si/Gun/Gu and held in the region (However, volunteer activities that have been officially recognized by the Ministry of Education, Science and Technology)
La. Volunteer activities in which the confirmation of volunteer activities has not been issued or the period and time are not accurately stated by the submission period
(e.g., JoongAng Ilbo 'God of Study')

6. Submission documents

go. ""Community Service"" course credit recognition documents

Grades are not recognized if all course applications are submitted or not submitted
Submitted during the activities of the voluntary group organized by the student council of this school

I. Confirmation of community service activities (used if there is no form at the institution that conducted the volunteer work)

7. Precautions

go. Grades are recognized when submitting a volunteer activity confirmation only after completing four hours of 'theoretical training'
I. A written confirmation of volunteer activities shall be submitted, and all documents submitted shall not be returned
All. Prohibition of modification of volunteer activity confirmation (If there is no signature of the person in charge at the time of modification, it will be invalidated)
* Inquiries: 02-300-0014

Inquiry: Teacher's team
Phone number: 02-300-0014
E-mail : mjkwak@kau.ac.kr"
10,강의평가,"강의평가
1. 목적

가. 강의에 대한 feedback 통해 강의의 질적 향상 도모
나. 외부교원 재임용시 평가 자료로 활용
다. 교원 업적평가 자료로 활용

2. 시기

정규학기 : 매학기 강의종료달 (6월, 12월) 1일부터 성적확인기간 종료시까지
계절학기 : 학기 마지막 주부터 성적확인기간 종료시까지

3. 대상강좌

해당 학기 전체 개설강좌 (단, 공학인증 강좌는 일반 강의평가뿐 아니라, 공학인증 강의평가도 수행함)

4. 방법

종합정보시스템 - 강좌정보 - 강의평가 메뉴 이용
※ 수강한 전체 과목에 대한 강의평가를 완료하지 않을 경우, 해당학기 성적 조회 불가

5. 강의평가 결과 확인

종합정보시스템 강좌정보 ""강의시간표및 계획서""의 강의계획서 내에 전년 동기 강의평가 확인 가능

6. 참고사항

강의평가 응답내용은 익명으로 집계되며 응답자에 대한 비밀이 철저하게 보장됨

문의 : 교무팀/김현수
전화번호02-300-0364
E-mailkhs@kau.ac.kr",https://kau.ac.kr/web/pages/gc21891h.do,"Lecture evaluation
1. Purpose

go. Improve the quality of lectures through feedback on lectures
I. Use it as evaluation data when re-applying to outside teachers
All. Use as data for evaluating teacher achievements

2. the time

Regular semester: From the end of each semester's lecture month (June, December) to the end of the grade verification period
Seasonal Semester: From the last week of the semester to the end of the grade verification period

3. Subject Lectures course

Full courses for the semester (however, engineering certification courses are not only evaluated for general lectures, but also evaluated for engineering certification)

4. method

Comprehensive Information System - Course Information - Using Lecture Evaluation Menu
※ If you do not complete the lecture evaluation for all the subjects you have taken, you cannot check your grades for the relevant semester

5. Check the course evaluation results

Comprehensive information system lecture information ""Lesson Timeline and Plan"" lecture plan can be checked for lecture evaluation during the same period of last year

6. Notes

Lecture evaluation responses are counted anonymously and confidentiality of respondents is thoroughly guaranteed

Inquiry: Teacher's Team/Kim Hyunsoo
Phone number 02-300-0364
e-mailkhs@kau.ac.kr"
11,휴학,"휴학
1. 휴학기간 및 제출서류
구분 : 일반
휴학기간 : 
1. 신입생
1회에 1년(2개 학기)
4년까지 신청 가능
2. 편입생
1회에 1년(2개 학기)
2년까지 신청 가능
제출서류 : 제출 서류 없음 (단, 입영휴학 후 일반휴학으로 연장신청 시 전역증빙서류 제출)
비고 : 전역증빙서류 (전역증사본, 전역일자가 기입된 주민등록초본, 병적증명서 중 택 1)

구분 : 입영
휴학기간 : 의무 복무 기간
제출서류 : 입대증빙서류 (입영통지서, 복무확인서 등 입영일자가 명시되어 있는 서류)
비고 : 입영 후 귀향조치 된 자는 즉시 복학 또는 일반휴학 수속을 필해야 함

구분 : 질병
휴학기간 : 
제출서류 : 4주 이상 입원치료가 필요함을 증빙할 수 있는 종합병원 진단서 또는 이에 상응하는 의사 소견서
비고 : 

구분 : 창업
휴학기간 : 1회 1년, 총 2년 가능 (2년까지 신청 가능)
제출서류 : 사업계획서, 기타 창업관련 증빙서류
비고 : 대학일자리센터에 신청기간 및 신청자격 확인 후 신청가능

구분 : 육아
휴학기간 : 1회 1년, 총 2년 가능 (2년까지 신청 가능)
제출서류 : 주민등록등본, 임신확인서
비고 :

일반휴학 신청은 1년 단위로 신청 가능함 (단, 1개 학기 휴학을 원할 경우 조기복학 가능)입영, 창업, 질병, 육아휴학은 일반휴학 기간에 포함되지 않음
신입생은 입영휴학, 질병휴학, 육아휴학을 제외하고는 첫 학기 휴학 신청 불가함휴학 기간 만료 후, 휴학기간을 연장하고자 하는 경우 휴학연장 신청을 해야 함(휴학연장 신청을 하지 않는 경우, 미복학 제적처리 됨)

2. 휴학 신청 기간

매년 2월 또는 8월부터 휴학신청이 가능하며, 자세한 일정은 학사공지 ‘휴학안내’ 참고
수업일수 2/3선 이후에는 일반휴학 신청 불가(단, 입영 휴학은 기간에 상관없이 신청 가능하나 수업일수 11주 지나 휴학한 경우에는 해당학기 이수처리 됨)

3. 휴학 신청 방법
구분 : 인터넷 신청
신청방법 : [종합정보시스템] - [학사정보] - [휴복학신청]
비고 : 수업일수 4주선까지 신청 가능

구분 : 메일 및 팩스 신청
신청방법 : 이메일: kyomu@kau.ac.kr, 팩스 : 02-300-0380
비고 : 휴학신청서 및 증빙서류 제출

구분 : 방문 신청
신청방법 : 본관 108호 교무팀 방문 후, 신청 가능
비고 : 증빙서류 지참
※수업일수 4주선까지 인터넷 신청 가능하며 이후부터는 메일, 팩스, 방문신청만 가능 

                               
4. 휴학승인 확인
                                
[종합정보시스템]- [학사정보] - [개인정보] - [개인신상] - [학적변동]에서 확인가능

5. 등록금 반환
구분 : 등록금처리
수업일수 4주선 이전 휴학 : 납부한 등록금은 복학학기 등록금으로 대체됨, 환불 요청 시 반환기준에 따라 반환됨

구분 : 수업일수 4주선 지나 휴학
수업일수 4주선 지나 휴학 - 일반휴학자 : 재무팀에 별도로 등록금 환불 신청해야 하며, 반환기준에 따라 반환됨, 입영휴학자 : 등록금은 복학학기 등록금으로 대체됨

※ 등록금 반환 기준
반환 기준 : 학기개시일 이전
반환액 : 등록금 전액 반환

반환 기준 : 학기개시일부터 30일까지
반환액 : 등록금의 5/6 반환

반환 기준 : 학기개시일에서 30일이 지난날부터 60일까지
반환액 : 등록금의 2/3 반환

반환 기준 : 학기개시일에서 60일이 지난날부터 90일까지
반환액 : 등록금의 1/2 반환

반환 기준 : 학기개시일에서 90일이 지난 날
반환액 : 반환 불가

6. 참고사항

도서 미납자는 휴학 불가
휴학신청 시 등록금 납부는 선택사항임 (납부한 등록금은 복학학기 등록금으로 대체됨) 단, 장학생으로 선발된 학생이 미등록 휴학을 하게 되면 장학금을 수혜 받을 수 없음(휴학 신청 전 장학금 관련 사항 학생지원팀으로 문의)

7. 일반·군휴학원 양식

바로가기",https://kau.ac.kr/web/pages/gc86171h.do,"leave of absence
1. Period of leave of absence and documents to be submitted
Classification: General
Period of leave of absence: 
1. a freshman
1 year at a time (2 semesters)
Applicable for up to 4 years
2. transfer student
1 year at a time (2 semesters)
Applicable for up to 2 years
Documents to be submitted: No documents to be submitted (However, if you apply for an extension to a general leave of absence after entering the military, you will submit a document of proof of discharge)
Remarks: Discharge evidence documents (Select 1 from a copy of the discharge certificate, an abstract of resident registration with the discharge date entered, and a logistical certificate)

Classification: Joining the army
Period of leave of absence: mandatory service period
Documents to be submitted: Documents of proof of enlistment (documents stating the date of enlistment, such as notice of enlistment, confirmation of service, etc.)
NOTE: Those who are returned home after entering the military must immediately complete the procedure for returning to school or taking a general leave of absence

Classification: Disease
Period of leave of absence: 
Submission: Inpatient treatment for more than 4 weeks A general hospital medical certificate or a doctor's note corresponding thereto that can prove necessary
Remarks: 

Classification: Start-up
Period of leave of absence: One year per time, a total of two years can be applied (up to two years)
Documents to be submitted: Business plan and other supporting documents related to start-ups
Note: You can apply after checking the application period and eligibility at the University Job Center

Classification: Parenting
Period of leave of absence: One year per time, a total of two years can be applied (up to two years)
Documents to be submitted: A copy of resident registration, pregnancy confirmation
Remarks:

Applications for general leave of absence can be applied on a yearly basis (however, if you want to take a semester off, you can return to school early) Admission, start-up, illness, and parental leave of absence are not included in the general leave of absence
Freshmen cannot apply for a leave of absence for the first semester except for a leave of absence from school, a leave of absence from illness, and a leave of absence from childcareIf you want to extend the leave of absence after the expiration of the leave of absence, you must apply for an extension of the leave of absence (if you do not apply for an extension of the leave of absence, you will be excluded from school)

2. the period of application for leave of absence

It is possible to apply for a leave of absence from February or August every year, and for a detailed schedule, refer to the academic notice ""Information on Leave of absence""
Applications for general leave of absence after 2/3 of the class days are not allowed. (However, if you take a leave of absence from school regardless of the period, you can apply for it, but if you take a leave of absence after 11 weeks, the relevant semester will be completed.)

3. How to apply for a leave of absence
Classification: Apply for the Internet
Application method: [Comprehensive Information System] - [Academic Information] - [Application for Vacation]
Note: Applications can be made up to 4 weeks of class days

Categorizing: Apply for Mail and Fax
How to apply: Email: kymu@kau.ac.kr , Fax: 02-300-0380
Remarks: Application for leave of absence and submission of supporting documents

Classification: Request a visit
How to apply: You can apply after visiting the school affairs team in Room 108 of the main building
Note: Bring the documentary evidence
※You can apply online for up to four weeks of class days, and from then on, you can only apply by mail, fax, and visit 

                               
4. Confirmation of leave of absence
                                
[Comprehensive Information System] - [Academic Information] - [Personal Information] - [Personal Information] - [Academic Changes]

5. Returning tuition fees
Classification: Tuition processing
Leave of absence before the 4th week of class: The tuition paid will be replaced by the tuition for the return semester, and will be returned according to the return criteria when requested for a refund

Classification: Take a leave of absence after 4 weeks of class days
Taking a leave of absence after 4 weeks of class days - General leave of absence: Separately to the finance team, etcYou must apply for a refund of the lock money, and it is returned according to the criteria for return, students on leave of absence from military service: The tuition fee is replaced by the tuition fee for the return semester

※ Tuition Return Criteria
Return criteria: Before the start date of the semester
Return amount: Full refund of tuition fee

Return criteria: From the start of the semester to the 30th
Return amount: 5/6 return of tuition fee

Return criteria: From the date of the start of the semester to the 60th day after 30 days
Return amount: 2/3 of the tuition fee

Return criteria: 60 days from the start of the semester to 90 days
Return amount: 1/2 of the tuition fee

Return criteria: 90 days after the start of the semester
Return amount: Non-returnable

6. Notes

Those who do not pay books are not allowed to take a leave of absence
Payment of tuition fees is optional when applying for a leave of absence (the tuition paid will be replaced by the tuition for the return-to-school semester) However, if a student selected as a scholarship student takes an unregistered leave of absence from school, he/she cannot receive a scholarship (contact the Student Support Team on matters related to scholarships before applying for leave of absence)

7. General/military leave of absence form

Shortcut"
12,복학,"복학
1. 복학 제출서류
구분 : 일반복학
제출서류 : 제출서류 없음

구분 : 제대복학
제출서류 : 전역증빙서류 1부 (전역증사본, 전역일자가 기입된 주민등록초본, 병적증명서 중 택 1)
비고 : 수업일수 4주(3월29일) 이후 제대예정자는 소속부대장(부서장) 수학허가원 제출

구분 : 조기복학
제출서류 : 휴학기간 만료 전 학기를 앞당겨 복학하는 것으로 조기복학동의서 제출 (전역 후, 복학자는 조기복학동의서와 전역증빙서류 제출)
비고 : 인터넷신청 시에는 '조기복학동의서' 제출할 필요 없음 (웹상에서 동의서 확인 후 제출)

2. 복학 신청 기간

매년 1월 또는 7월부터 복학신청이 가능하며, 자세한 일정은 학사공지 ‘복학안내’ 참고
매학기 수업개시 4주 이내에 복학 신청 가능

3. 복학 신청 방법
구분 : 인터넷 신청
신청방법 : [종합정보시스템] - [학사정보] - [휴복학신청]
비고 : 증빙서류는 메일 또는 팩스로 제출

구분 : 메일 및 팩스 신청
신청방법 : 이메일: kyomu@kau.ac.kr, 팩스 : 02-300-0380
비고 : 복학신청서 및 증빙서류 제출

구분 : 방문 신청
신청방법 : 본관 108호 교무팀 방문 후, 신청 가능
비고 : 증빙서류 지참
4. 복학승인 확인[종합정보시스템] - [학사정보] - [개인정보] - [개인신상] - [학적변동]에서 확인가능

5. 참고사항

복학예정학기에 복학을 하지 않는 자는 미복학 제적 처리됨(휴학을 연장하고자 하는 경우, 별도로 휴학 연장신청을 해야 함)
입영 후 귀향조치 된 자는 즉시 복학 또는 일반휴학 신청을 해야 함

6. 복학원 양식

바로가기

문의 : 교무팀/김민경
전화번호02-300-0457
E-mail: kyomu@kau.ac.kr",https://kau.ac.kr/web/pages/gc86171h.do,"going back to school
1. a return-to-school submission
Classification: General return to school
Submission documents: No submission documents

Classification: Returning to the army
Documents to be submitted: 1 copy of the discharge evidence (Select 1 from among a copy of the discharge certificate, an abstract of resident registration with the discharge date entered, and a logistical certificate)
Note: Those who are scheduled to be discharged after 4 weeks of class days (March 29) submit a math permit for the head of the affiliated department (department)

Classification: Early return to school
Documents to be submitted: Submit an early return to school consent by returning to school earlier than the semester before the end of the leave of absence. (After discharge, the returning student submits an early return to school consent and proof of discharge)
Note: No need to submit 'Early Return to School Consent' when applying on the Internet (submit after confirming the consent form on the web)

2. application period for returning to school

You can apply for a return to school from January or July every year, and the detailed schedule is a academic noticeSee 'Guidance'
Applications can be made to return to school within 4 weeks of the start of each semester

3. How to apply for a return to school
Classification: Apply for the Internet
Application method: [Comprehensive Information System] - [Academic Information] - [Application for Vacation]
Note: Evidence documents are submitted by mail or fax

Categorizing: Apply for Mail and Fax
How to apply: Email: kymu@kau.ac.kr , Fax: 02-300-0380
Remarks: Submission of application for return to school and supporting documents

Classification: Request a visit
How to apply: You can apply after visiting the school affairs team in Room 108 of the main building
Note: Bring the documentary evidence
4. Confirmation of school return approval [Comprehensive Information System] - [Haksa Information] - [Personal Information] - [Personal Information] - [Academic Changes]

5. Notes

Those who do not return to school in the semester scheduled to return to school will be unaccompanied (if they wish to extend their leave of absence, they must apply for an extension of their leave of absence separately.)
A person who has been returned home after entering the military must immediately apply for a return to school or a general leave of absence

6. a return-to-school style

Shortcut

Inquiry: Teacher's team/Kim Min-kyung
Phone Number 02-300-0457
E-mail: kyomu@kau.ac.kr"
13,학기재수,"학기재수 신청 안내
1. 신청대상

해당학기 재학생 중 학기말 성적 평균평점이 1.80 미만인 자
학기당 3과목 이상의 성적이 F인 자
※ 휴학생은 신청 전 복학신청을 해야 함

2. 신청기간 및 방법

매학기 소정 기간 내(1학기는 1월 중, 2학기는 7월중 신청)
자세한 일정은 학사공지 ‘학기재수 신청안내’ 참고

학기재수 신청서를 작성한 후 소속 학부(과)를 경유, 교무팀(본관 108호)에 제출
학기재수 신청은 보호자 동의가 필수

3. 제출서류 및 제출처

제출서류 : 학기재수 신청서 1부, 성적증명서 1부
제출처 : 교무팀(본관 108호)

4. 참고사항

학기재수 신청자는 신청학기의 등록금을 납부하고 해당 학기를 재이수해야 함
학기재수는 성적 취득 최종학기를 포함하여 1개 학기 또는 2개 학기까지 신청 가능
(최종학기를 건너뛰고 본인이 원하는 학기만 학기재수 신청은 불가)

성적경고 상담대상자의 경우 학기재수 신청을 하여도 성적경고 상담은 반드시 실시해야 함
성적 경고 학기를 재이수하는 경우 성적경고 횟수에서 제외
학기재수 신청한 학기의 재수강 과목은 재수강 무효화 처리됨
(재수강하여 Retake된 과목의 성적은 기 취득 성적으로 변경됨)

6. 학기재수 관련 양식

학기재수 신청원 양식

문의 : 교무팀/김민경
전화번호02-300-0457
E-mail:  kyomu@kau.ac.kr",https://kau.ac.kr/web/pages/gc1021h.do,"Information on the application for re-taking the semester
1. Subject to application

A person who has an average grade score of less than 1.80 at the end of the semester among students enrolled in the relevant semester
A person with an F grade of at least three subjects per semester
※ Students on leave of absence must apply for return to school before applying

2. Application period and method

Within the prescribed period of each semester (apply in January for the first semester and July for the second semester)
For a detailed schedule, please refer to the academic notice 'Information on Application for Resumption of Semester'

After completing the application for re-examination of the semester, submit it to the school affairs team (Head Office No. 108) via the undergraduate department (Department)
Guardian consent is required to apply for re-take of the semester

3. Submission documents and where to submit them

Documents to be submitted: One application for retaking the semester, one copy of the transcript
Where to submit: School affairs team (Head Office No. 108)

4. Notes

Applicants who apply for re-examination of the semester must pay the tuition fee of the application semester and re-examine the relevant semester a ship in the background
Students can apply for one or two semesters including the final semester of grade acquisition
(You can't apply for another semester only if you want to skip the final semester.)

In the case of those eligible for grade warning counseling, even if they apply for a second term, they must provide grade warning counseling
Excluded from the number of grade warnings when re-taking a grade warning semester
Re-take courses for the semester that you applied for re-take will be invalidated
(The grades of subjects retaken by retaking will be changed to pre-acquired grades)

6. Form related to semester re-examination

Semester Retirement Application Form

Inquiry: Teacher's team/Kim Min-kyung
Phone Number 02-300-0457
E-mail:  kyomu@kau.ac.kr"
14,조기졸업,"조기졸업 신청 안내
1. 신청대상자

2012학번 이전 : 본교 2학년(70학점이상 이수자) 수료한 재학생
2013학번 이후 : 본교 2학년(65학점이상 이수자) 수료한 재학생
2학년 수료 후 매학기 소정기간내 신청.  졸업시 전학년 통산 평점평균 4.0이상 가능자(학사경고자는 신청 불가).졸업하고자 하는 당해학기는 신청 불가(7학기 진입 전 신청해야 함 , 7학기 이수중에는 신청불가)

2. 신청기간

매학기 소정 기간내(1월/7월)

3. 신청절차

조기졸업신청원을 작성한 후 신청기간 내에 교무팀(본관108호)에 제출.

4. 조기졸업요건

본 대학에서 6학기 이상 등록을 필하고 졸업소요 학점 및 졸업요건을 충족하여야 하며 전학년 통산 평점 평균 4.0이상 이어야 함.

5. 복수전공 관련 양식

조기졸업 신청원 양식

문의 : 교무팀/김민경
전화번호02-300-0457
E-mail: kyomu@kau.ac.kr",https://kau.ac.kr/web/pages/gc78248h.do,"Early Graduation Application Guide
1. Subject to application

2012 school number transfer: Students who have completed the second year of this school (those who have completed 70 or more credits)
After 2013: Students who have completed the 2nd year of this school (65 credits or more)
Application within a prescribed period of each semester after completing the second grade.  Those who have an average score of 4.0 or higher for all grades at graduation (academic warnings cannot apply).Applications are not allowed for the relevant semester to graduate (requires application before entering the 7th semester, and cannot be applied during the completion of the 7th semester)

2. Application period

Within the prescribed period of each semester (January/July)

3. Application procedures

After completing the application for early graduation, submit it to the school affairs team (main building No. 108) within the application period.

4. Early Graduation Requirements

The university must complete registration for at least 6 semesters, meet graduation requirements, and have an average score of 4.0 or higher for all grades.

5. Double major related forms

Early Graduation Application Form

Inquiry: Teacher's team/Kim Min-kyung
Phone Number 02-300-0457
E-mail: kyomu@kau.ac.kr"
15,재입학,"재입학
제적

재입학 신청 안내
1. 신청대상

자퇴 또는 제적된 자가 재입학을 원할 경우, 정원여석이 있을 경우 1회에 한하여 허가할 수 있음
(단, 2011년 이전 입학생은 제외)
타교에 적을 둔 자는 재입학을 신청할 수 없음
자퇴, 징계퇴학자, 연속 3회 성적경고 제적자는 제적된 후 1년 이상이 경과되어야 재입학 신청 가능
2. 신청기간

매학기 소정 기간 내(1학기는 12~1월 중, 2학기는 6~7월중 신청)
자세한 일정은 학사공지 ‘재입학 신청안내’ 참고

3. 제출서류 및 제출처

제출서류 : 재입학 신청서 1부, 재입학 사유서 1부
제출처 : 교무팀(본관 108호)

4. 재입학 절차

재입학신청서 제출(교무팀) → 학부(과) 재입학 심의 → 심사결과개별통보 → 허가자 등록금 납부 → 수강상담 및 수강신청

5. 참고사항

재입학 허가 학기는 학부(과) 심의를 거쳐 정해짐(원하는 학기로 재입학 불가)
재입학 허가학년 학기에 따라 이전 성적은 무효처리됨
ex) 3학년 2학기 이수 후 제적자가 3학년 1학기로 재입학 허가된 경우 → 3학년 1,2학기 성적은 무효처리됨

무효처리된 학기에 재수강하여 Retake된 과목의 성적은 기 취득 성적으로 변경됨

6. 신청서 양식

재입학 신청원 양식

제적 안내
1. 제적대상

미복학자(휴학기간 만료 후, 해당학기 수업개시 4주가 넘도록 복학하지 아니한 자)
미등록자(매학기 소정 기일 내에 등록하지 아니한 자)
타교에 적을 둔 자
재학연한(16학기) 내에 소정의 과정을 이수하지 못한 자(편입생은 8학기)
자퇴 또는 징계에 의하여 퇴학 처리된 자성적경고 연속3회에 따른 학업관리 지도를 받고 도래하는 첫 학기에 성적경고를 받은 자

2. 자퇴신청 절차(방문신청만 가능)

1) 신청서 작성 → 양식은 하단 서식 다운 또는 교무팀에 비치되어 있음    2) 지도교수 및 소속 학부(과)장 상담 →상담 후 양식의 지도교수, 학부(과)장 란에 각각 날인받음       ※ 상담은 담당교수님께 개별 연락하여 일정을 잡아야 함 (관련 문의는 소속 학과사무실에 문의)    3) 등록금ㆍ장학사항 확인 → 재무팀, 학생지원팀 각각 방문하여 양식에 날인받음     4) 신청서 제출(교무팀)  → 보호자 동의 후 자퇴승인

※ 교무팀(본관 108호) / 재무팀(본관 204호) / 학생지원팀(학생회관 205호)

3. 참고사항자퇴시 등록금 반환은 '대학 등록금 운영에 관한 규정'에 의거 반환처리됨장학생으로 선발된 학생이 해당학기 미이수 후 자퇴 시, 장학금 전액 반환하여야 함(등록금 반환 : 재무팀 02-300-0032 / 장학금 관련 : 학생지원팀 02-300-0023)
4. 관련서식

자퇴신청원 양식

문의 : 교무팀/김민경
전화번호02-300-0457
E-mail: kyomu@kau.ac.kr",https://kau.ac.kr/web/pages/gc63682h.do,"Re-admission
expulsion

Re-entry application information
1. Subject to application

Where a person who has dropped out or been expelled wishes to re-enter the school, permission may be granted only once if there is an extra capacity
(However, students before 2011 are excluded)
A person who has entered another school cannot apply for re-entry
Dropouts, disciplinary dropouts, and three consecutive grade warnings must be expelled more than one year after being expelled to apply for re-entry
2. Application period

Within the prescribed period of each semester (apply between December and January for the first semester and June and July for the second semester)
For a detailed schedule, refer to the academic notice 'Re-entry Application Guide'

3. Submission documents and where to submit them

Documents to be submitted: One copy of the re-admission application form and one copy of the reason for re-admission
Where to submit: School affairs team (Head Office No. 108)

4. re-admission procedures

Submission of application for re-entry (teaching team) → CraneDepartment (department) Re-admission deliberation → Individual notification of examination results → Payment of tuition fees for licensees → Course counseling and course registration

5. Notes

Re-admission semester will be decided after undergraduate (department) deliberation (re-admission is not allowed as desired semester)
Re-entry Permit Previous grades are invalidated according to the semester of the school year
ex) If the expulsion is allowed to re-enter the first semester of the third year after completing the second semester of the third year → The grades for the first and second semesters of the third year are invalidated

The grades of subjects retaken by retaking classes in the nullified semester will be changed to pre-acquired grades

6. Application Form

Re-entry Application Form

Deportation Guide
1. subject of expulsion

Unretired student (a person who has not returned to school more than four weeks after the expiration of the leave of absence)
Unregistered person (a person who has not registered within the prescribed date of each semester))
an enemy in a foreign school
A person who fails to complete a prescribed course within the enrollment period (16 semesters) (8 semesters for transfer students)
A person who receives a grade warning in the first semester that comes after receiving instruction in academic management in accordance with three consecutive magnetic warnings that have been expelled due to dropout or disciplinary action

2. Dropout application procedure (visit application only)

1) Complete the application form → Form is downloaded at the bottom or placed in the school affairs team 2) Consultation with the supervisor and the head of the department → After consultation, get a seal on the form's supervisor and head of the department ※ Consultation should be made individually by contacting the professor in charge (for related inquiries, contact the office of the department) 3) Check tuition and scholarship matters → Visit the finance team and student support team, respectively, and get a seal on the form 4) Application formOut (Teaching Team) → Acceptance of dropout after consent from the guardian

※ School affairs team (Head Office No. 108) / Finance team (Head Office No. 204) / Student support team (Head Office No. 205)

3. Note The return of tuition fees when dropping out is processed in accordance with the 'Regulations on the Operation of University Tuition.' If a student selected as a scholar drops out after not completing the relevant semester, the full scholarship must be returned (Tuition team 02-300-0032 / Scholarship related: Student support team 02-300-0023)
4. a related form

Application form for dropout

Inquiry: Teacher's team/Kim Min-kyung
Phone Number 02-300-0457
E-mail: kyomu@kau.ac.kr"
16,졸업,"1. 졸업심사 대상

정규 8학기이상 등록한 재학생 또는 수료생(단, 조기졸업자는 졸업예정학기에 포함)
※졸업학점을 모두 이수하였어도 휴학중에는 졸업 불가함.

2. 졸업이수학점
대상 학번 : 2012 학번까지
졸업이수학점 : 총 140학점 이상, 단, 학석사연계과정생은 134학점, 대학원과목 6학점

대상 학번 : 2013 학번부터
졸업이수학점 : 총 130학점 이상, 단, 학석사연계과정생은 124학점, 대학원과목 6학점

3. 교양과정 영역별 이수

2013학번 이후 필수 졸업요건

교양필수(필수교양, 항공우주특성화분야) 모두 이수, 핵심교양, 역량강화 영역별 1과목이상
자세한 사항은 수업-&gt; '교양과정이수' 참조 바로가기

4. 과목이수 관련

교양필수 및 전공필수과목의 전 학점 취득
※ 학부(과)별 필수과목은 학부(과) 홈페이지 참조

전공과목 57학점이상 취득
※ 학부(과)별 전공 기준학점 상이하므로 각 학과 홈페이지 참조

전 학년 성적 평점평균 2.00이상
(단, 조기졸업은 4.00이상/학석사연계과정생은 3.5이상)

학부(과) 운영내규에 의거 요구되는 졸업요건 충족

5. 공학교육인증 프로그램

공학교육인증 시행세칙의 이수조건을 충족하여야 한다.
공학인증 홈페이지 및 kau포탈&gt;'공학인증' 참조

6. 조기졸업

개요

1) 관련 규정 : 학칙 제28조의2(조기졸업), 학칙시행세칙 제34조의2(조기졸업)
2) 대학 학칙이 정하는 바에 따라 수업연한을 단축하여 졸업(최대 1년까지 조기졸업)

신청자격

1) 2학년 수료 후, 학부(과)장의 허가를 받은 학생

2) 졸업 시 전학년 통산 평점평균 4.0이상 가능한 학생

※ 성적경고 기록이 있는 학생 신청 불가

신청시기 : 매학기 소정 기간 내
※ 상세 일정은 학사공지사항 참고※ 7학기 진입 전 신청해야 함 (7학기 이수중에는 신청불가)
※ '조기졸업신청서' 작성 후, 학부(과)장 확인 받아 교무팀으로 제출

졸업기준

1) 본 대학에서 6학기 이상 등록을 필한 학생
2) 졸업소요 학점 및 졸업요건을 충족하고, 전학년 통산 평점평균이 4.0이상인 학생
3) 성적경고 기록이 없는 학생 ☞ 성적경고 기록이 있는 학생은 조기졸업 불가

7. 수료제도

개 요

1) 관련 규정 : 학칙시행세칙 제34조의3제5항
2) 수업연한을 충족하고, 졸업요건은 모두 충족하였으나 졸업인증제만 통과하지 못한 학생의 학적은 수료로 함.

수료 학적상태

구분 : 수료
학적상태 : 수료
수강신청 여부 : 신청불가
등록여부 : 미등록
주요 발급증명서 : 수료증명서, 성적증명서, 졸업예정증명서

수료 후 졸업시기

1) 수료자는 매학기 졸업대상자로, 소정의 기일 내에 졸업인증제를 제출하여 승인받음
2) 재학생과 동일하게 졸업사정 심의를 거쳐, 해당 학기말에 학위를 수여함.

문의 : 교무팀
전화번호02-300-0012
E-mailmkyoon@kau.ac.kr",https://kau.ac.kr/web/pages/gc86720h.do,"1. Subject to graduation examination

Students enrolled or graduates who have registered at least eight semesters (however, early graduates are included in the expected semester of graduation)
※Even if you have completed all your graduation credits, you cannot graduate while taking a leave of absence.

2. graduation credits
Target number: Until 2012
Graduation credits: A total of 140 or more credits; however, 134 credits for students with academic background and 6 credits for graduate school subjects

Target number: From 2013
Graduation credits: A total of 130 credits or more; however, 124 credits for students with academic background and 6 credits for graduate school subjects

3. Completion by area of liberal arts course

Required graduation requirements after 2013 academic year

Completion of all required educational requirements (essential liberal arts, aerospace specialization) is at least one subject per area of core liberal arts, and capacity building
For more information, see Class-&gt; 'Completion of Liberal Arts' BaroFlag

4. Regarding the completion of a subject

Earning all credits for required liberal arts and major subjects
※ Refer to the undergraduate (department) website for required subjects by undergraduate (department)

Earn 57 or more credits in major courses
※ Major credits differ by department, so refer to each department's website

Average grade of 2.00 or higher for all grades
(However, early graduation is at least 4.00/academic-linked students are at least 3.5)

Satisfying graduation requirements required under the undergraduate (department) operation bylaws

5. Engineering Education Certification Program

It must meet the requirements for completion of the detailed rules for implementing engineering education certification.
See Engineering Certification Home Page and kauportal&gt; 'Engineering Certification'

6. Early graduation

Overview

1) Related regulations: Article 28-2 of the School Regulations (early graduation), Article 34-2 of the Enforcement Regulations of the School Regulations (early graduation)
2) Graduation (early graduation up to one year) by shortening the duration of study as prescribed by university regulations

Eligibility to apply

1) a student who has obtained permission from the head of an undergraduate department after completing his second year

2) Students who have an average grade of 4.0 or higher for all grades upon graduation

※ Students with grade warning records cannot apply

Application time: Within a prescribed period of each semester
※ Please refer to the academic announcement for the detailed schedule. ※ Applications must be made before entering the 7th semester (not applicable during the 7th semester)
※ After completing the 'Early Graduation Application', the head of the department (department) is confirmed and submitted to the school affairs team

Graduation criteria

1) Students who have registered for at least 6 semesters at this university
2) Students who meet graduation requirements and graduation requirements and have an average of 4.0 or higher overall grades
3) Students without grade warning records ☞ Students with grade warning records cannot graduate early

7. completion system

Overview

1) Related Regulations: Article 34-3 (5) of the Enforcement Regulations of School Regulations
2) The academic records of students who meet the duration of the class and meet all the graduation requirements but do not pass the graduation certification system shall be completed.

completion status

Classification: Completion
Academic Status: Completion
Course registration status: Unable to apply
Registration status: Not registered
Main certificate of issuance: certificate of completion, transcript, expected graduation certificate

Graduation period after completion

1) A person who has completed the course shall be eligible for graduation each semester, and shall submit a graduation certification system within a prescribed date for approval
2) The degree is awarded at the end of the semester after reviewing the graduation situation in the same way as the enrolled student.

Inquiry: Teacher's team
Phone number 02-300-0012
e-mailmkyoon@kau.ac.kr"