INDEX,TITLE,CONTENT,URL,
0,복수전공,"복수전공 신청 안내
1. 신청대상자  : 본교 1학년 과정 이상을 수료한 재학생

2. 신청기간 : 매학기 소정 기간 내 (1학기는 1월 중, 2학기는 7월 중 신청)

※ 자세한 일정은 학사공지의 개별 공지사항 참고

3. 신청절차 및 방법

1) 복수전공 신청서 작성
2) 소속 학부(과)장 및 부전공 학부(과)장 승인
3) 신청서 교무팀(본관 108호) 제출
4) 복수전공 승인
5) 제출서류 : 부전공 신청서 1부, 성적증명서 1부

4. 복수전공 이수학점

1)복수전공 이수 인정에 필요한 학점은 복수전공 학부(과) 전공과목(전공필수과목 반드시 이수)중에서 42학점 이상으로 함.  (선수과목 지정시 반드시 이수해야 함)
2) 동일학부 내에서 복수전공 학점은 36학점이상으로 함.  복수전공 과목 학점 미취득자는 복수전공을 인정하지 아니함.
3) 복수전공 이수자는 졸업학기말 성적 산출 후 복수전공 학부(과)에서 복수전공 과목 이수를 확인하여 복수전공 이수확인서를     교무팀(본관108호)에 제출, 복수전공 과목 학점을 인정 받음.
4) 주전공 및 융합전공 동일교과목을 중복으로 인정하지 않음.

5. 복수전공 관련 양식

복수전공(신청원, 취소원, 이수확인서)양식
※ 복수전공 이수 확인서는 4학년 졸업학기말 성적 산출 후 제출

6. 참고사항

1) 복수전공 변경 및 취소는 매학기 소정 기한내 신청 가능(학사공지 공지사항 참고)
2) 복수전공 신청 전에 이수한 복수전공 교과목도 복수전공 이수로 인정됨 (복수전공 신청년도에 따라 다를 수 있음)

문의 : 각 학부(과)   관리 : 교무팀
전화번호02-300-0457
E-mailkyomu@kau.ac.kr",https://kau.ac.kr/web/pages/gc95047h.do,
1,부전공,"부전공 신청 안내
1. 신청대상자  : 본교 1학년 과정 이상을 수료한 재학생

2. 신청기간 : 매학기 소정 기간 내 (1학기는 1월 중, 2학기는 7월 중 신청)

※ 자세한 일정은 학사공지의 개별 공지사항 참고

3. 신청절차 및 방법

1) 부전공 신청서 작성
2) 소속 학부(과)장 및 부전공 학부(과)장 승인
3) 신청서 교무팀(본관 108호) 제출
4) 부전공 승인
5) 제출서류 : 부전공 신청서 1부, 성적증명서 1부

4. 부전공 이수학점

1)부전공 이수 인정에 필요한 학점은 부전공 학부(과) 전공과목(전공필수과목 9학점이상 이수)중에서 24학점 이상으로 함.    (선수과목 지정시 반드시 이수해야 함)
2) 부전공 이수자는 졸업학기말 성적 산출 후 부전공 학부(과)에서 부전공 과목 이수를 확인하여 부전공 이수확인서를    교무팀(본관108호)에 제출, 부전공 과목 학점을 인정 받음.
3) 주전공 및 융합전공 동일교과목을 중복으로 인정하지 않음.

5. 부전공 관련 양식

부전공(신청원, 취소원, 이수확인서)양식
※ 부전공 이수 확인서는 4학년 졸업학기말 성적 산출 후 가능

6. 참고사항

1) 부전공 변경 및 취소는 매학기 소정 기한내 신청 가능(학사공지 공지사항 참고)
2) 부전공 신청 전에 이수한 복수전공 교과목도 복수전공 이수로 인정됨

문의 : 각 학부(과)   관리 : 교무팀
전화번호02-300-0457
E-mailkyomu@kau.ac.kr",https://kau.ac.kr/web/pages/gc81492h.do,
2,전과,"전과 신청 안내
1. 신청 대상자
구분 : 2학년 전과 - 1학년(33학점이상 이수) 수료 & 2학기 이수자
비고 : [경영학부] - 평점평균3.0 / 토익700점 이상 신청가능
[항공전자정보공학부] - 평점평균3.0 이상 신청가능
[항공운항학과] - 평점평균3.5/토익800점 이상 신청가능

구분 : 3학년 전과 - 2학년(65학점 이상 이수) 수료 & 4학기 이수자
비고 : [경영학부] - 평점평균3.0 / 토익700점 이상 신청가능
[항공전자정보공학부] - 평점평균3.0 이상 신청가능
[항공운항학과] - 평점평균3.5/토익800점 이상 신청가능
휴학생은 전과 신청 전 복학신청을 해야 함
2. 신청기간

매년 소정 기간 내 (1월 중 신청)
자세한 일정은 학사공지 ‘전과 신청안내’ 참고

3. 제출서류 및 제출처
구분 : 공통서류 - 전과신청서 각 1부, 성적증명서 1부
비고 : 전과 희망 학부(과) 사무실

구분 : 경영학부, 항공교통물류학부 - 토익성적증명서 1부
비고 : 전과 희망 학부(과) 사무실

구분 : 항공운항학과 - 전과지원서 1부, 토익성적증명서 1부, 항공신체검사증명서 1부
비고 : 전과 희망 학부(과) 사무실

4. 신청절차

전과신청서 제출(각 학부(과) 사무실) → 학부(과) 전과 심의 → 심사결과개별통보
※ 면접 실시 학과는 학과에서 일정 개별 통보

5. 신청서 양식

전과 신청원 양식

문의 : 각 학부(과)   관리 : 교무팀전화번호02-300-0457E-mailkyomu@kau.ac.kr",https://kau.ac.kr/web/pages/gc45400h.do,
3,학석사 연계과정,"학·석사 연계과정 안내
1. 학·석사 연계과정이란?

학·석사 연계과정은 학사과정과 석사과정을 연계하여 수업연한을 단축하여 5년 또는 5.5년 내에 학사, 석사과정을 완료할 수 있는 과정

수업연한 5년 : 학사학위과정 3.5년 및 석사학위과정 1.5년
수업연한 5.5년 : 학사학위과정 4년 및 석사학위과정 1.5년

2. 선발 및 입학 절차

1.지원
대학원 입학 지원
일대원

2.합격
대학원 입학 지원
일대원

3.과목이수
대학원과목 6학점 이수(학부 7학기 이수)
일대원

4. 졸업요건
학사 졸업요건 충족
교무팀

5. 등록
대학원 등록금 납부
일대원

6. 졸업
학부졸업
교무팀

7. 입학
대학원 입학
일대원

* 대학원 진학 후 첫 학기는 휴학불가(군 휴학/병가만 가능)

3. 입학지원 및 선발

가. 모집인원 : 대학원 석사과정 입학정원의 30% 범위 내

나. 지원자격 :

학사학위과정 5 개학기 이상 7개 학기 이하를  등록한 자
평점평균 3.0 이상인 자
학부 ( 과 ) 장 추천을 받은 자

다. 지원시기 : 매년 전기 또는 후기 모집 (4 월 / 10 월경 )
라. 문 의 처 : 대학원행정실 02-300-0303/0304

4. 학부졸업조건

가. 졸업요건

구분 : 2012 학번 이전
학부 졸업학점 : 134학점
대학원 과목 : 6학점 (학사 7학기에 이수)
평점 평균 : 3.5 이상
대학원 등록 : 대학원 등록을 필한 자
비고 : 학부졸업요건 충족하여야 졸업가능

구분 : 2013학번 이후
학부 졸업학점 : 124학점
대학원 과목 : 6학점 (학사 7학기에 이수)
평점 평균 : 3.5 이상
대학원 등록 : 대학원 등록을 필한 자
비고 : 학부졸업요건 충족하여야 졸업가능

나. 문 의 처 : 교무팀 02-300-0016

5. 학석사연계과정 취소요건

가. 대학원 입학 이전에 연계과정을 중도 포기한 자 ☞ 대학원행정실로 “학석사연계과정 포기원” 제출
나. 학부 졸업요건을 충족하지 못한 자
다. 대학원 과목을 이수하지 않은 자
라. 대학원 등록금을 납부하지 않은 자",https://kau.ac.kr/web/pages/gc51173h.do,
4,일정,"제 1 학기
구분 : '23.1 January
2023. 1. 1(일) : 신정
2023. 1. 2(월) ~ 6(금) : 복학 집중신청
2023. 1. 2(월) ~ 20(금) : 동계 계절학기
2023. 1. 21(토) ~ 23(월) (1. 24(화) 대체휴일) : 설날

구분 : 2 February
2023. 2. 2(목) ~ 3(금) : 장바구니 수강신청
2023. 2. 9(목) ~ 10(금) : 본 수강신청
2023. 2. 13(월) ~ 17(금) : 휴학 집중신청
2023. 2. 20(월) ~ 24(금) : 등록
2023. 2. 24(금) : 전기 학위수여식(제66회)
2023. 2. 28(화) : 신입생 입학식

구분 : 3 March
2023. 3. 1(수) : 삼일절
2023. 3. 2(목) : 개강
2023. 3. 2(목) ~ 8(수) : 수강신청 변경
2023. 3. 29(수) : 수업일수 4주선

구분 : 4 April

구분 : 5 May
2023. 5. 5(금) : 어린이날
2023. 5. 10(수) : 수업일수 2/3선

구분 : 6 June
2023. 5. 27(일) : 석가탄신일
2023. 6. 6(화) : 현충일
2023. 6. 8(목) ~ 14(수) : 보강기간
2023. 6. 15(목) ~ 22(목) : 기말시험
2023. 6. 16(금) : 개교기념일(제71회)

구분 : 7 July
2023. 7. 3(월) : 하계 계절학기 개강
2023. 7. 3(월) ~ 7(금) : 복학 집중신청
2023. 7. 21(금) : 하계 계절학기 종강

제 2 학기

8월:
- 3일(목) ~ 4일(금): 장바구니 수강신청
- 10일(목) ~ 11일(금): 본 수강신청
- 14일(월) ~ 18일(금): 휴학 집중신청
- 15일(화): 광복절
- 18일(금): 후기 학위수여식(제66회)
- 21일(월) ~ 25일(금): 등록기간
- 28일(월): 개강

9월:
- 28일(월) ~ 1일(금): 수강신청변경
- 24일(일): 수업일수 4주선
- 28일(목) ~ 30일(토): 추석

10월:
- 3일(화): 개천절
- 9일(월): 한글날

11월:
- 5일(일): 수업일수 2/3

12월:
- 4일(월) ~ 8일(금): 보강
- 11일(월) ~ 15일(금): 기말시험
- 25일(월): 성탄절
- 26일(화) ~ 1월 16일(화): 동계 계절학기

24.1월:
- 1일(월): 신정
- 8일(월) ~ 12일(금): 복학 집중신청

24.2월:
- 6일(화) ~ 7일(수): 장바구니 수강신청
- 9일(금) ~ 12일(월): 설날연휴
- 15일(목) ~ 16일(금): 본 수강신청
- 14일(수) ~ 20일(화): 휴학 집중신청
- 23일(금): 전기 학위수여식(제 67회)
- 19일(월) ~ 23일(금): 등록
- 29일(목): 신입생 입학식

문의 : 교무팀/윤미경
전화번호02-300-0011
E-mailmkyoon@kau.ac.kr",https://kau.ac.kr/web/pages/gc74039h.do,
5,수강지도상담,"수강지도 상담
1. 목적

학기개시 전 다음학기에 대한 수강계획 상담을 통해 학사지도 및 관리를 강화하고, 효율적인 학점 취득 추구

2. 대상

해당학기 수강예정 학부생 전원(※ 단, 학기별 신·편입생은 입학한 첫 학기에는 상담 대상이 아님)

3. 기간

학사공지 게시판을 통하여 학기별 별도 공지(1학기 1월중, 2학기 7월 중)

4. 상담방법

역량관리시스템 내 수강지도상담 메뉴 이용

메뉴 위치 : 종합정보시스템 하단 메뉴 &gt; 역량관리시스템 &gt; 통합상담 &gt; 지도교수상담 &gt; 수강지도상담
수강지도상담은 반드시 역량정보시스템 내 수강지도상담 메뉴를 통하여 진행하여야 하며, 기타방법(이메일, 전화 등)의 상담은 미인정

5. 상담절차

가. 수강지도상담 작성 : 학기별 개설된 전공과목 중 학생 본인이 듣고자 하는 과목의 '신청(학생)'란에 체크하여 신청. 본전공 외 교양, 다전공 관련 사항은 '전공외'란 및 '내용'란에 줄글로 기입
나. 상담내용 검토 : 학생의 수강상담 신청내역이 학생의 학사 진행에 적절한지 지도교수가 검토 후 승인 또는 반려
(반려 시 '가. 수강지도상담 작성' 재진행)

다. 수강지도상담 완료 : 학생의 수강지도상담 신청 내역을 지도교수가 승인할 경우 상담 완료

6. 상담대상 과목

대상학기 개설된 주전공 과목

기타 과목에 대한 수강계획은 '전공외'란에 이비력
본인 수강 가능 학점 내에서 상담과목 선택

7. 기타 주의사항

■ 수강지도 상담 미완료시 수강신청 불가
■ 수강지도상담 과목 신청이 수강신청을 의미하는 것은 아니며, 실제 수강신청시 과목별 수강제한인원이 초과된 경우 수강지도상담 시 신청한 과목을 수강신청하지 못할 수도 있음에 유의바람

성적 경고자 상담
1. 대상

직전학기 성적경고자(평점 1.8미만)

2. 시기

학부(과)별로 상이

3. 방법

가. 학부(과)사무실 통해 지도교수와의 상담일정 수립 및 상담일지 수령
나. 지도교수 상담
다. 학부(과)사무실로 상담일지 제출

4. 기타 안내

성적경고자 상담 미완료시 수강신청 불가

문의 : 교무팀/김현수
전화번호02-300-0364
E-mailkhs@kau.ac.kr",https://kau.ac.kr/web/pages/gc6309h.do,
6,재수강,"재수강
1. 재수강 요건

가. 기 취득 성적이 C+ 이하로서,  (취득성적 없을 경우 재수강 불가)
나. 해당학기 해당과목 또는 대체과목이 개설된 경우

2. 재수강시 제한사항

가. 신청가능 학점 : 학기당 수강신청 가능학점(18학점) 내에서 제한 없이 신청가능
나. 동일과목 재수강 제한횟수 : 2회(단, 필수과목은 예외)
다. 취득 상한 학점 : 최초재수강 A0, 재수강과목을 다시 수강할 경우 B+

3. 재수강 성적의 처리

가. 새로 취득한 학점의 처리가 완료된 후 기취득학점의 성적은 R(Retake)로 대체됨.
나. 새로 취득한 학점은 수강학기 성적에 포함됨

4. 재수강 대체 과목 확인 방법

수강신청 페이지 - 재수강/대체과목조회 또는 종합정보시스템 - 학사시스템 - 강좌정보 - 대체교과목조회

문의 : 교무팀/김현수
전화번호02-300-0364
E-mailkhs@kau.ac.kr",https://kau.ac.kr/web/pages/gc61422h.do,
7,폐강,"폐강
1. 폐강 기준

가. 수강신청 인원이 전공 10명, 교양 20명 미만인 경우 해당 강의는 폐강함 (학칙 시행세칙 제 8조 6항에 의거)
나. 수강신청 인원이 기준인원에 미달하더라도, 폐강 예외과목에 해당할 경우 폐강치 않을 수 있음

2. 폐강 절차

가. 폐강 예상교과목 공고

수강정정기간 첫날 6시 이후 폐강이 예상되는 교과목을 공고하여 수강생들이 자율적으로 수강내역을 조정할 수 있도록 한다.
단, 이 때 폐강예정과목은 당일 14시 당시의 수강인원을 기준으로 한다.

나. 폐강 공고 : 수강정정 기간 종료 후, 폐강기준에 해당하는 과목들을 공고하고 폐강처리한다.

문의 : 교무팀/김현수
전화번호02-300-0364
E-mailkhs@kau.ac.kr",https://kau.ac.kr/web/pages/gc84448h.do,
9,사회봉사과목,"사회봉사 과목이수안내
1. 사회봉사 이수방법

이론교육(4시간) + 봉사활동(34시간 이상)

2. 사회봉사 운영
이수구분 : 교양 선택
학점인정 : 1학점
비고 : “P”(Pass), “NP”(Non-Pass)

※ 수강신청 시 본인 최대수강신청 학점에 미포함
※ 재학 중 1회 1학점씩 총 2회 2학점까지 이수 가능
※ 성적산출시 취득학점에 포함, 평점평균 산정에 미포함
※ 연속 2회 “NP”일 경우 수강신청 불가

3. 사회봉사활동 인정기간

수강신청 직전학기 기말시험 시작일 ~ 수강신청 학기 기말시험 전까지(※ 헌혈은 기간제한 없음)

4. 사회봉사활동 기관 인정 범위

가. 시·도 및 시·군·구 자원봉사센터, 청소년활동진흥센터, 기타 사회복지관, 지역아동센터, 사회복지법인 사회복지봉사활동인증관리(VMS) 및
1365자원봉사포털에 등록되어 ‘사회복지 봉사활동 실적 인증서(VMS)’ 및 ‘자원봉사활동 확인서(1365)’가 출력되는 기관

VMS 출력 시 필히 ‘봉사자 실적 내역정보’ 출력하여 제출

니. 비영리민간단체(봉사활동확인서 제출 시 ‘비영리민간단체등록증’ 사본 첨부)

다. 해외봉사 : 인증된 국제 NGO단체

NGO(Non-Governmental Organization 비정부기구)는 지역-국가-국제적으로 조직된 자발적인 비영리 시민단체

라. 자원봉사센터 및 시민단체와 연계하여 하는 농촌봉사활동

마. 총학생회 주관 자원봉사

1학기 : 항공산타, 신입생새로배움터, 은익제 등
2학기 : 항공제, 하계방학 중 실시 한 사회봉사활동 등

바. 기타 부서 주관 대외행사 및 교내 자원봉사

입학관리팀 ‘모교입시 설명회’, 국제교류부 ‘Global-Buddy’, 항공우주박물관 ‘안내봉사’ 등

사. 헌혈활동 : 헌혈증 제출

1회 기준 4시간 인정
1학기 최대 2회(8시간)까지만 인정
추후 본교 재학생 중 필요한 학생 및 저소득층, 백혈병 소아암 협회, 관련 사회복지기관 등에게'항공대 재학생' 이름으로 기증

5. 사회봉사활동 미인정 범위

가. 공공기관, 행정기관에서의 봉사활동

공공기관 : 주민센터(구. 동사무소), 시.도.군.구청, 경찰서, 세무서, 소방서, 우체국 등
정부행정기관 : 국세청, 법원, 감사원, 국회 등

나. 도서관(단, 시각장애인을 위한 점자도서관은 인정), 어린이집, 경로당, 종교관련 봉사활동
다. 시·군·구 개최, 지역 개최 봉사활동(단, 교육과학기술부에서 공문화 되어 온 봉사활동은 인정)
라. 제출기간까지 봉사활동확인서가 미발급되거나 기간 및 시간이 정확히 기재되지 않은 봉사활동
(예 : 중앙일보 '공부의 신')

6. 제출서류

가. “사회봉사”과목 학점인정 서류

수강신청 전원 제출, 미제출시 학점인정 안됨
본교 총학생회 주관 자봉단 활동 시에도 제출

나. 사회봉사활동확인서(봉사활동을 실시한 기관에 양식이 없을 경우 사용)

7. 유의사항

가. 필히 ‘이론교육’ 4시간을 이수해야 봉사활동확인서 제출 시 학점 인정
나. 봉사활동 확인서는 원본을 제출하여야 하며, 제출한 서류는 일체 반환하지 않음
다. 봉사활동 확인서 수정 금지 (수정 시 담당자 날인이 없을 경우 무효 처리)
* 문의사항 : 02-300-0014

문의 : 교무팀
전화번호 : 02-300-0014
E-mail : mjkwak@kau.ac.kr",https://kau.ac.kr/web/pages/gc18564h.do,
10,강의평가,"강의평가
1. 목적

가. 강의에 대한 feedback 통해 강의의 질적 향상 도모
나. 외부교원 재임용시 평가 자료로 활용
다. 교원 업적평가 자료로 활용

2. 시기

정규학기 : 매학기 강의종료달 (6월, 12월) 1일부터 성적확인기간 종료시까지
계절학기 : 학기 마지막 주부터 성적확인기간 종료시까지

3. 대상강좌

해당 학기 전체 개설강좌 (단, 공학인증 강좌는 일반 강의평가뿐 아니라, 공학인증 강의평가도 수행함)

4. 방법

종합정보시스템 - 강좌정보 - 강의평가 메뉴 이용
※ 수강한 전체 과목에 대한 강의평가를 완료하지 않을 경우, 해당학기 성적 조회 불가

5. 강의평가 결과 확인

종합정보시스템 강좌정보 ""강의시간표및 계획서""의 강의계획서 내에 전년 동기 강의평가 확인 가능

6. 참고사항

강의평가 응답내용은 익명으로 집계되며 응답자에 대한 비밀이 철저하게 보장됨

문의 : 교무팀/김현수
전화번호02-300-0364
E-mailkhs@kau.ac.kr",https://kau.ac.kr/web/pages/gc21891h.do,
11,휴학,"휴학
복학

휴학
1. 휴학기간 및 제출서류
구분 : 일반
휴학기간 : 
1. 신입생
1회에 1년(2개 학기)
4년까지 신청 가능
2. 편입생
1회에 1년(2개 학기)
2년까지 신청 가능
제출서류 : 제출 서류 없음 (단, 입영휴학 후 일반휴학으로 연장신청 시 전역증빙서류 제출)
비고 : 전역증빙서류 (전역증사본, 전역일자가 기입된 주민등록초본, 병적증명서 중 택 1)

구분 : 입영
휴학기간 : 의무 복무 기간
제출서류 : 입대증빙서류 (입영통지서, 복무확인서 등 입영일자가 명시되어 있는 서류)
비고 : 입영 후 귀향조치 된 자는 즉시 복학 또는 일반휴학 수속을 필해야 함

구분 : 질병
휴학기간 : 
제출서류 : 4주 이상 입원치료가 필요함을 증빙할 수 있는 종합병원 진단서 또는 이에 상응하는 의사 소견서
비고 : 

구분 : 창업
휴학기간 : 1회 1년, 총 2년 가능 (2년까지 신청 가능)
제출서류 : 사업계획서, 기타 창업관련 증빙서류
비고 : 대학일자리센터에 신청기간 및 신청자격 확인 후 신청가능

구분 : 육아
휴학기간 : 1회 1년, 총 2년 가능 (2년까지 신청 가능)
제출서류 : 주민등록등본, 임신확인서
비고 :

일반휴학 신청은 1년 단위로 신청 가능함 (단, 1개 학기 휴학을 원할 경우 조기복학 가능)입영, 창업, 질병, 육아휴학은 일반휴학 기간에 포함되지 않음
신입생은 입영휴학, 질병휴학, 육아휴학을 제외하고는 첫 학기 휴학 신청 불가함휴학 기간 만료 후, 휴학기간을 연장하고자 하는 경우 휴학연장 신청을 해야 함(휴학연장 신청을 하지 않는 경우, 미복학 제적처리 됨)

2. 휴학 신청 기간

매년 2월 또는 8월부터 휴학신청이 가능하며, 자세한 일정은 학사공지 ‘휴학안내’ 참고
수업일수 2/3선 이후에는 일반휴학 신청 불가(단, 입영 휴학은 기간에 상관없이 신청 가능하나 수업일수 11주 지나 휴학한 경우에는 해당학기 이수처리 됨)

3. 휴학 신청 방법
구분 : 인터넷 신청
신청방법 : [종합정보시스템] - [학사정보] - [휴복학신청]
비고 : 수업일수 4주선까지 신청 가능

구분 : 메일 및 팩스 신청
신청방법 : 이메일: kyomu@kau.ac.kr, 팩스 : 02-300-0380
비고 : 휴학신청서 및 증빙서류 제출

구분 : 방문 신청
신청방법 : 본관 108호 교무팀 방문 후, 신청 가능
비고 : 증빙서류 지참
※수업일수 4주선까지 인터넷 신청 가능하며 이후부터는 메일, 팩스, 방문신청만 가능 

                               
4. 휴학승인 확인
                                
[종합정보시스템]- [학사정보] - [개인정보] - [개인신상] - [학적변동]에서 확인가능

5. 등록금 반환
구분 : 등록금처리
수업일수 4주선 이전 휴학 : 납부한 등록금은 복학학기 등록금으로 대체됨, 환불 요청 시 반환기준에 따라 반환됨

구분 : 수업일수 4주선 지나 휴학
수업일수 4주선 지나 휴학 - 일반휴학자 : 재무팀에 별도로 등록금 환불 신청해야 하며, 반환기준에 따라 반환됨, 입영휴학자 : 등록금은 복학학기 등록금으로 대체됨

※ 등록금 반환 기준
반환 기준 : 학기개시일 이전
반환액 : 등록금 전액 반환

반환 기준 : 학기개시일부터 30일까지
반환액 : 등록금의 5/6 반환

반환 기준 : 학기개시일에서 30일이 지난날부터 60일까지
반환액 : 등록금의 2/3 반환

반환 기준 : 학기개시일에서 60일이 지난날부터 90일까지
반환액 : 등록금의 1/2 반환

반환 기준 : 학기개시일에서 90일이 지난 날
반환액 : 반환 불가

6. 참고사항

도서 미납자는 휴학 불가
휴학신청 시 등록금 납부는 선택사항임 (납부한 등록금은 복학학기 등록금으로 대체됨) 단, 장학생으로 선발된 학생이 미등록 휴학을 하게 되면 장학금을 수혜 받을 수 없음(휴학 신청 전 장학금 관련 사항 학생지원팀으로 문의)

7. 일반·군휴학원 양식

바로가기

복학
1. 복학 제출서류
구분 : 일반복학
제출서류 : 제출서류 없음

구분 : 제대복학
제출서류 : 전역증빙서류 1부 (전역증사본, 전역일자가 기입된 주민등록초본, 병적증명서 중 택 1)
비고 : 수업일수 4주(3월29일) 이후 제대예정자는 소속부대장(부서장) 수학허가원 제출

구분 : 조기복학
제출서류 : 휴학기간 만료 전 학기를 앞당겨 복학하는 것으로 조기복학동의서 제출 (전역 후, 복학자는 조기복학동의서와 전역증빙서류 제출)
비고 : 인터넷신청 시에는 '조기복학동의서' 제출할 필요 없음 (웹상에서 동의서 확인 후 제출)

2. 복학 신청 기간

매년 1월 또는 7월부터 복학신청이 가능하며, 자세한 일정은 학사공지 ‘복학안내’ 참고
매학기 수업개시 4주 이내에 복학 신청 가능

3. 복학 신청 방법
구분 : 인터넷 신청
신청방법 : [종합정보시스템] - [학사정보] - [휴복학신청]
비고 : 증빙서류는 메일 또는 팩스로 제출

구분 : 메일 및 팩스 신청
신청방법 : 이메일: kyomu@kau.ac.kr, 팩스 : 02-300-0380
비고 : 복학신청서 및 증빙서류 제출

구분 : 방문 신청
신청방법 : 본관 108호 교무팀 방문 후, 신청 가능
비고 : 증빙서류 지참
4. 복학승인 확인[종합정보시스템] - [학사정보] - [개인정보] - [개인신상] - [학적변동]에서 확인가능

5. 참고사항

복학예정학기에 복학을 하지 않는 자는 미복학 제적 처리됨(휴학을 연장하고자 하는 경우, 별도로 휴학 연장신청을 해야 함)
입영 후 귀향조치 된 자는 즉시 복학 또는 일반휴학 신청을 해야 함

6. 복학원 양식

바로가기

문의 : 교무팀/김민경
전화번호02-300-0457
E-mail: kyomu@kau.ac.kr",https://kau.ac.kr/web/pages/gc86171h.do,
12,학기재수,"학기재수 신청 안내
1. 신청대상

해당학기 재학생 중 학기말 성적 평균평점이 1.80 미만인 자
학기당 3과목 이상의 성적이 F인 자
※ 휴학생은 신청 전 복학신청을 해야 함

2. 신청기간 및 방법

매학기 소정 기간 내(1학기는 1월 중, 2학기는 7월중 신청)
자세한 일정은 학사공지 ‘학기재수 신청안내’ 참고

학기재수 신청서를 작성한 후 소속 학부(과)를 경유, 교무팀(본관 108호)에 제출
학기재수 신청은 보호자 동의가 필수

3. 제출서류 및 제출처

제출서류 : 학기재수 신청서 1부, 성적증명서 1부
제출처 : 교무팀(본관 108호)

4. 참고사항

학기재수 신청자는 신청학기의 등록금을 납부하고 해당 학기를 재이수해야 함
학기재수는 성적 취득 최종학기를 포함하여 1개 학기 또는 2개 학기까지 신청 가능
(최종학기를 건너뛰고 본인이 원하는 학기만 학기재수 신청은 불가)

성적경고 상담대상자의 경우 학기재수 신청을 하여도 성적경고 상담은 반드시 실시해야 함
성적 경고 학기를 재이수하는 경우 성적경고 횟수에서 제외
학기재수 신청한 학기의 재수강 과목은 재수강 무효화 처리됨
(재수강하여 Retake된 과목의 성적은 기 취득 성적으로 변경됨)

6. 학기재수 관련 양식

학기재수 신청원 양식

문의 : 교무팀/김민경
전화번호02-300-0457
E-mail:  kyomu@kau.ac.kr",https://kau.ac.kr/web/pages/gc1021h.do,
13,조기졸업,"조기졸업 신청 안내
1. 신청대상자

2012학번 이전 : 본교 2학년(70학점이상 이수자) 수료한 재학생
2013학번 이후 : 본교 2학년(65학점이상 이수자) 수료한 재학생
2학년 수료 후 매학기 소정기간내 신청.  졸업시 전학년 통산 평점평균 4.0이상 가능자(학사경고자는 신청 불가).졸업하고자 하는 당해학기는 신청 불가(7학기 진입 전 신청해야 함 , 7학기 이수중에는 신청불가)

2. 신청기간

매학기 소정 기간내(1월/7월)

3. 신청절차

조기졸업신청원을 작성한 후 신청기간 내에 교무팀(본관108호)에 제출.

4. 조기졸업요건

본 대학에서 6학기 이상 등록을 필하고 졸업소요 학점 및 졸업요건을 충족하여야 하며 전학년 통산 평점 평균 4.0이상 이어야 함.

5. 복수전공 관련 양식

조기졸업 신청원 양식

문의 : 교무팀/김민경
전화번호02-300-0457
E-mail: kyomu@kau.ac.kr",https://kau.ac.kr/web/pages/gc78248h.do,
14,재입학,"재입학
제적

재입학 신청 안내
1. 신청대상

자퇴 또는 제적된 자가 재입학을 원할 경우, 정원여석이 있을 경우 1회에 한하여 허가할 수 있음
(단, 2011년 이전 입학생은 제외)
타교에 적을 둔 자는 재입학을 신청할 수 없음
자퇴, 징계퇴학자, 연속 3회 성적경고 제적자는 제적된 후 1년 이상이 경과되어야 재입학 신청 가능
2. 신청기간

매학기 소정 기간 내(1학기는 12~1월 중, 2학기는 6~7월중 신청)
자세한 일정은 학사공지 ‘재입학 신청안내’ 참고

3. 제출서류 및 제출처

제출서류 : 재입학 신청서 1부, 재입학 사유서 1부
제출처 : 교무팀(본관 108호)

4. 재입학 절차

재입학신청서 제출(교무팀) → 학부(과) 재입학 심의 → 심사결과개별통보 → 허가자 등록금 납부 → 수강상담 및 수강신청

5. 참고사항

재입학 허가 학기는 학부(과) 심의를 거쳐 정해짐(원하는 학기로 재입학 불가)
재입학 허가학년 학기에 따라 이전 성적은 무효처리됨
ex) 3학년 2학기 이수 후 제적자가 3학년 1학기로 재입학 허가된 경우 → 3학년 1,2학기 성적은 무효처리됨

무효처리된 학기에 재수강하여 Retake된 과목의 성적은 기 취득 성적으로 변경됨

6. 신청서 양식

재입학 신청원 양식

제적 안내
1. 제적대상

미복학자(휴학기간 만료 후, 해당학기 수업개시 4주가 넘도록 복학하지 아니한 자)
미등록자(매학기 소정 기일 내에 등록하지 아니한 자)
타교에 적을 둔 자
재학연한(16학기) 내에 소정의 과정을 이수하지 못한 자(편입생은 8학기)
자퇴 또는 징계에 의하여 퇴학 처리된 자성적경고 연속3회에 따른 학업관리 지도를 받고 도래하는 첫 학기에 성적경고를 받은 자

2. 자퇴신청 절차(방문신청만 가능)

1) 신청서 작성 → 양식은 하단 서식 다운 또는 교무팀에 비치되어 있음    2) 지도교수 및 소속 학부(과)장 상담 →상담 후 양식의 지도교수, 학부(과)장 란에 각각 날인받음       ※ 상담은 담당교수님께 개별 연락하여 일정을 잡아야 함 (관련 문의는 소속 학과사무실에 문의)    3) 등록금ㆍ장학사항 확인 → 재무팀, 학생지원팀 각각 방문하여 양식에 날인받음     4) 신청서 제출(교무팀)  → 보호자 동의 후 자퇴승인

※ 교무팀(본관 108호) / 재무팀(본관 204호) / 학생지원팀(학생회관 205호)

3. 참고사항자퇴시 등록금 반환은 '대학 등록금 운영에 관한 규정'에 의거 반환처리됨장학생으로 선발된 학생이 해당학기 미이수 후 자퇴 시, 장학금 전액 반환하여야 함(등록금 반환 : 재무팀 02-300-0032 / 장학금 관련 : 학생지원팀 02-300-0023)
4. 관련서식

자퇴신청원 양식

문의 : 교무팀/김민경
전화번호02-300-0457
E-mail: kyomu@kau.ac.kr",https://kau.ac.kr/web/pages/gc63682h.do,
15,졸업,"1. 졸업심사 대상

정규 8학기이상 등록한 재학생 또는 수료생(단, 조기졸업자는 졸업예정학기에 포함)
※졸업학점을 모두 이수하였어도 휴학중에는 졸업 불가함.

2. 졸업이수학점
대상 학번 : 2012 학번까지
졸업이수학점 : 총 140학점 이상, 단, 학석사연계과정생은 134학점, 대학원과목 6학점

대상 학번 : 2013 학번부터
졸업이수학점 : 총 130학점 이상, 단, 학석사연계과정생은 124학점, 대학원과목 6학점

3. 교양과정 영역별 이수

2013학번 이후 필수 졸업요건

교양필수(필수교양, 항공우주특성화분야) 모두 이수, 핵심교양, 역량강화 영역별 1과목이상
자세한 사항은 수업-&gt; '교양과정이수' 참조 바로가기

4. 과목이수 관련

교양필수 및 전공필수과목의 전 학점 취득
※ 학부(과)별 필수과목은 학부(과) 홈페이지 참조

전공과목 57학점이상 취득
※ 학부(과)별 전공 기준학점 상이하므로 각 학과 홈페이지 참조

전 학년 성적 평점평균 2.00이상
(단, 조기졸업은 4.00이상/학석사연계과정생은 3.5이상)

학부(과) 운영내규에 의거 요구되는 졸업요건 충족

5. 공학교육인증 프로그램

공학교육인증 시행세칙의 이수조건을 충족하여야 한다.
공학인증 홈페이지 및 kau포탈&gt;'공학인증' 참조

6. 조기졸업

개요

1) 관련 규정 : 학칙 제28조의2(조기졸업), 학칙시행세칙 제34조의2(조기졸업)
2) 대학 학칙이 정하는 바에 따라 수업연한을 단축하여 졸업(최대 1년까지 조기졸업)

신청자격

1) 2학년 수료 후, 학부(과)장의 허가를 받은 학생

2) 졸업 시 전학년 통산 평점평균 4.0이상 가능한 학생

※ 성적경고 기록이 있는 학생 신청 불가

신청시기 : 매학기 소정 기간 내
※ 상세 일정은 학사공지사항 참고※ 7학기 진입 전 신청해야 함 (7학기 이수중에는 신청불가)
※ '조기졸업신청서' 작성 후, 학부(과)장 확인 받아 교무팀으로 제출

졸업기준

1) 본 대학에서 6학기 이상 등록을 필한 학생
2) 졸업소요 학점 및 졸업요건을 충족하고, 전학년 통산 평점평균이 4.0이상인 학생
3) 성적경고 기록이 없는 학생 ☞ 성적경고 기록이 있는 학생은 조기졸업 불가

7. 수료제도

개 요

1) 관련 규정 : 학칙시행세칙 제34조의3제5항
2) 수업연한을 충족하고, 졸업요건은 모두 충족하였으나 졸업인증제만 통과하지 못한 학생의 학적은 수료로 함.

수료 학적상태

구분 : 수료
학적상태 : 수료
수강신청 여부 : 신청불가
등록여부 : 미등록
주요 발급증명서 : 수료증명서, 성적증명서, 졸업예정증명서

수료 후 졸업시기

1) 수료자는 매학기 졸업대상자로, 소정의 기일 내에 졸업인증제를 제출하여 승인받음
2) 재학생과 동일하게 졸업사정 심의를 거쳐, 해당 학기말에 학위를 수여함.

문의 : 교무팀
전화번호02-300-0012
E-mailmkyoon@kau.ac.kr",https://kau.ac.kr/web/pages/gc86720h.do,
17,2023학년도 2학기 재학생 및 연구등록생 등록,"2023학년도 제2학기 재학생 및 연구등록생 등록기간 및 방법 안내
1. 등록기간

본등록 : 2023. 8. 21(월) - 8. 25(금) 5일간  (이용시간 09:00 ~ 16:00)
추가등록 : 2023. 8. 29(화) - 8. 31(목) 3일간  (이용시간 09:00 ~ 16:00)
최종등록 : 2023. 9. 20(수) - 9. 22(금) 3일간  (이용시간 09:00 ~ 16:00)
최종등록기간 내에 미등록 시 제적 등 불이익이 있을 수 있으니 반드시 등록바랍니다.

2. 등록장소

우리은행, 국민은행 (지점, 인터넷뱅킹, 텔레뱅킹, 모바일뱅킹 이체 가능)
단, 본등록기간 이후 및 분할납부 등록금은 우리은행만 입금 가능

3. 고지서 출력(2023.8.14(월) OPEN 예정)

종합정보시스템 &gt; 로그인 &gt; 학사정보 &gt; 등록금 고지서 조회

- 단, 8월 15일(화) 대학 전기 공사(서버 중단 등)로 인한 영향으로 8월 16일(수) 오전 고지서 조회 불가할 수 있음.

4. 등록방법

가. 창구납부 : 등록금 납부 통지서를 지참하여 해당 은행 납부
나. 납부계좌를 이용한 입금방법

인터넷(텔레)뱅킹, 모바일뱅킹
무통장 입금(지점 방문), 타행이체(수수료 본인 부담)
CD/ATM을 통한 계좌이체

다. 전액장학생 : 필수 납부금액이 0원인 경우에도 선택납부항목을 수납하거나, 은행을 방문하여 0원 수납 처리를 해야만 등록이 완료됩니다.      또는 우리은행 인터넷뱅킹 &gt; 공과금 &gt; 등록금 메뉴에서 등록처리 가능

라. 납부계좌번호로 결제시 유의사항

납부계좌는 학생 개인마다 하나의 계좌번호를 임시로 부여한 것이므로 입금시 의뢰인이 누구인지 관계 없습니다.
납부계좌는 이체시 입금액 또는 계좌번호가 일치하지 않는 경우 이체실행이 자동 취소되어 입금액이 본인 계좌로 반환되므로, 본인에게 부여된 계좌번호로 납부금액을 정확하게 맞춰 입금하시기 바랍니다.
금학기 등록에 사용되는 납부계좌는 일회성이며, 다른 용도로는 사용할 수 없습니다.
CMA 계좌에서 납부계좌로의 이체는 불가능합니다.

5. 등록내역

가. 학   부 : 필수 납부(수업료, 운항실습비) 선택납부(총학생회비, 학부/과비)
나. 대학원 : 필수 납부(수업료) 선택납부(원우회비, 산업시찰비 등)

다. 연구등록  :

일반대학원

① 수료 후 4학기 이내 : 당해학기 등록금의 10분의 1 해당액
②  수료 후 4학기 초과 시 : 당해 학기 등록금의  20분의 1 해당액

항공. 경영대학원 : 당해 학기 등록금의 5분의 1 해당액

6. 등록금 납부확인 ( 등록금 납부 당일 19시 이후 확인 가능 )

종합정보시스템 &gt; 로그인 &gt; 학사정보 &gt; 등록금 영수증 출력

7. 문의사항

■ 등록금 수납 관련 : 02)300-0032, 0214
■ 휴,복학 관련         (학부 : 02-300-0457  / 일반대학원 : 02-300-0303 / 항경대학원: 02-300-0348)
■ 장학금 관련          (학부 : 02-300-0022,0023  / 일반대학원 : 02-300-0304 / 항경대학원: 02-300-0348)
■ 학자금융자 관련    (학부 : 02-300-0025         / 일반반학원 : 02-300-0304 / 항경대학원: 02-300-0348)
■ 기타 납입금 관련   (학부 : 02-300-0025         / 일반대학원 : 02-300-0303 / 항경대학원: 02-300-0348)

문의 : 재무팀/본관 2층 204호
전화번호02-300-0032, 0214
E-mail : jaemu@kau.ac.kr",https://kau.ac.kr/web/pages/gc29385h.do,
18,2023학년 2학기 학부 및 대학원 학기초과자 등록,"2023학년도 제2학기 학부 및 대학원 학기초과자 등록기간 및 방법 안내
1. 등록기간

본등록 : 2023. 9. 6(수) - 9. 8(금) 3일간
최종등록 : 2023. 9. 20(수) - 9. 22(금) 3일간
최종등록기간 내에 미등록 시 제적 등 불이익이 있을 수 있으니 반드시 등록바랍니다.

2. 등록장소

우리은행 (지점, 인터넷뱅킹, 텔레뱅킹, 모바일뱅킹 이체가능)

3. 고지서 출력(2023.9.4(월) 13시 이후 OPEN 예정)

종합정보시스템 &gt; 로그인 &gt;  학사정보  &gt; 등록금 고지서 조회
(2023.9.1일자 수강신청 학점에 따라 등록금 산정)

4. 등록방법

가. 창구납부 : 우리은행 전국지점 (이용시간 09:00 ~ 16:00)

나. 납부계좌를 이용한 입금방법

이용시간 : 09 : 00 ~ 17 : 00
인터넷(텔레)뱅킹
무통장 입금(지점 방문), 타행이체(수수료 본인 부담)
CD/ATM을 통한 계좌이체

다. 납부계좌번호로 결제시 유의사항

납부계좌는 학생 개인마다 하나의 계좌번호를 임시로 부여한 것이므로 입금시 의뢰인이 누구인지 관계 없습니다.
납부계좌는 이체시 입금액 또는 계좌번호가 일치하지 않는 경우 이체실행이 자동 취소되어 입금액이 본인 계좌로 반환되므로, 본인에게 부여된 계좌번호로 납부금액을 정확하게 맞춰 입금하시기 바랍니다.
금학기 등록에 사용되는 납부계좌는 일회성이며, 다른 용도로는 사용할 수 없습니다.
CMA 계좌에서 납부계좌로의 이체는 불가능합니다.

5. 등록확인

가. 당일납부 확인(19시 이후)

종합정보시스템 &gt; LOGIN &gt;  학사정보  &gt; 등록금 영수증 조회, 출력

6. 등록금 산정기준

가. 학부
신청학점 : 3학점까지
등록금 산정 : 당해 학기 등록금의 6분의 1 해당액

신청학점 : 4학점부터 ~ 6학점까지
등록금 산정 : 당해 학기 등록금의 3분의 1 해당액

신청학점 : 7학점부터 ~ 9학점까지
등록금 산정 : 당해 학기 등록금의 2분의 1 해당액

신청학점 : 10학점부터 ~ 11학점까지
등록금 산정 : 당해 학기 등록금의 3분의 2 해당액

신청학점 : 12학점 이상
등록금 산정 : 당해 학기 등록금의 전액

나. 일반대학원
신청학점 : 학점 등록
등록금 산정 : 학점당 당해 학기 등록금의 12분의 1 해당액

다. 항공ㆍ경영대학원
신청학점 : 학점 등록
등록금 산정 : 학점당 당해 학기 등록금의 6분의 1 해당액

7. 등록금 환불

가. 환불 대상 : 등록금 납부 후 수강신청 취소자
나. 신청 방법 : 수업일수 4주선(2023.9.24) 이후 본관 2층 재무팀에 환불신청서 작성 및 제출

8. 문의사항

■ 등록금 수납 관련      (재무팀) 02)300-0032, 0214
■ 휴복학 관련             (학부) 02-300-0013, 0457  (일반대학원) 02-300-0303 (항경대학원) 02-300-0348
■ 학자금융자 관련       (학부) 02-300-0025          (일반대학원) 02-300-0304 (항경대학원) 02-300-0348

문의 : 재무팀/본관 2층 204호
전화번호02-300-0032, 0214
E-mail : jaemu@kau.ac.kr",https://kau.ac.kr/web/pages/gc34817h.do,
19,2023학년 2학기 등록금 분할징수,"2023학년도 제2학기 등록금 분할징수 신청 및 납부 안내
1. 신청

가. 대상 : 학부, 대학원 재학생 및 복학 예정자

※ 제외대상 : 신입생/편입생/재입학생 첫학기, 학점등록생, 연구등록생
※ 한국장학재단 지침에 의거, 등록금 분할납부자의 경우 등록금 완납 후 국가장학금 지급이 가능하니 유의

나. 신청기간

2023. 8. 14(월) - 8. 18(금) 17:00 까지 (이후 신청 및 취소 불가)

다. 방법  :

종합정보시스템 &gt;로그인 &gt; 학사정보 &gt; 등록금 분할 신청 &gt;신청 &gt; 분납고지서 출력

2. 고지 및 납부

구분 : 1 회차
등록기간 : 2023. 8. 21(월) - 8. 25(금) 5일간
등록금액 : 각 회차마다 등록금의 25% 씩 납부 (단, 장학금이 수업료의 50%를 초과하는자는 1회차 및 2회차에 각 회차마다 50%씩 2회에 걸쳐 납부)

구분 : 2 회차
등록기간 : 2023. 9. 20(수) - 9. 22(금) 3일간
등록금액 : 각 회차마다 등록금의 25% 씩 납부 (단, 장학금이 수업료의 50%를 초과하는자는 1회차 및 2회차에 각 회차마다 50%씩 2회에 걸쳐 납부)

구분 : 3 회차
등록기간 : 2023. 10. 23(월) - 10. 25(수) 3일간
등록금액 : 각 회차마다 등록금의 25% 씩 납부 (단, 장학금이 수업료의 50%를 초과하는자는 1회차 및 2회차에 각 회차마다 50%씩 2회에 걸쳐 납부)

구분 : 4 회차
등록기간 : 2023. 11. 22(수) - 11. 24(금) 3일간
등록금액 : 각 회차마다 등록금의 25% 씩 납부 (단, 장학금이 수업료의 50%를 초과하는자는 1회차 및 2회차에 각 회차마다 50%씩 2회에 걸쳐 납부)

구분 : 등록방법
비고 : 
1. 창구납부 : 우리은행 전국지점 ( 이용시간 09:00 ~ 16:00)
2. 납부계좌번호를 이용한 입금방법 ( 이용시간 09:00 ~ 17:00)
- 인터넷(텔레) 뱅킹, 모바일뱅킹, 무통장 입금 ( 지점방문 ), 타행이체 ( 수수료 본인 부담 )
- CD/ATM 을 통한 계좌이체
3. 납부계좌번호로 결제 시 유의사항
- 납부계좌는 학생 개인마다 하나의 계좌번호를 임시로 부여한 것이므로 입금 시 의뢰인이 누구인지 관계없습니다.
- 납부계좌는 이체 시 입금액 또는 계좌번호가 일치하지 않는 경우 이체 실행이 자동 취소되어 입금액이 본인 계좌로 반환되므로 본인에게 부여된 계좌번호로 납부금액을 정확하게 맞춰 입금하시기 바랍니다.
- 금 학기 등록에 사용되는 납부계좌는 일회성이며, 다른 용도로는 사용할 수 없습니다.
- CMA 계좌에서 납부계좌로의 이체는 불가능합니다.

구분 : 유의사항
비고 : 
1. 분할납부 대상자가 1 회차 분할등록금의 납부를 정해진 기간에 하지 아니하면 분납자격이 취소되며, 추가 등록기간 내에 전액을 납부하여야 함
2. 1 회차 이상 분할등록금을 납부하고 분할등록기간에 분할등록금을 납부하지 아니하면 학칙 제 43 조 제 2항에 의거, 제적 처리될 수 있음
3. 또한, 기 납부한 등록금은 대학 등록금 운영에 관한 규정에 의거 반환되며, 분할 납부한 금액이 반환 금액보다 적은 경우에는 부족 금액을 납부하여야 함
4. 한국장학재단의 국가장학금 업무처리 지침에 의거, 분할납부자는 최종 완납하여야 국가장학금 지급 가능함
5. 본교 분할납부 신청자는 한국장학재단 학자금 대출 신청되지 않으므로, 이 점을 유의하여 분할납부 신청 바람

3. 문의사항

■ 등록금 수납 관련      (재무팀) 02)300-0032, 0214

문의 : 재무팀/본관 2층 204호
전화번호02-300-0032, 0214
E-mail : jaemu@kau.ac.kr",https://kau.ac.kr/web/pages/gc3720h.do,
20,등록금 반환,"1. 자퇴 및 휴학으로 인한 등록금 반환 기준 (대학 등록금 운영에 관한 규정 <별표3> 관련)

반환 사유 발생일 : 학기 개시일이전
1학기 : ~2/29
2학기 : ~8/31
반환 금액 : 수업료 전액

반환 사유 발생일 : 학기 개시일부터 30일까지
1학기 : 3/1~3/30
2학기 : 9/1~9/30
반환 금액 : 수업료의 6분의 5해당액

반환 사유 발생일 : 학기 개시일에서 30일이 지난 날부터 60일까지
1학기 : 3/31~4/29
2학기 : 10/1~10/30
반환 금액 : 수업료의 3분의 2해당액

반환 사유 발생일 : 학기 개시일에서 60일이 지난 날부터 90일까지
1학기 : 4/30~5/29
2학기 : 10/31~11/29
반환 금액 : 수업료의 2분의 1해당액

반환 사유 발생일 : 학기 개시일에서 90일이 지난 날
1학기 : 5/30~
2학기 : 11/30~
반환 금액 : 반환하지 아니함

※ 자퇴한 날짜를 기준으로 반환(단, 휴학자의 경우 등록학년도 학기 휴학일을 기준으로 반환)
※ 휴학생의 경우, 수업일수 4주 이내는 복학 학기 등록금으로 대체되며, 본인이 원할 경우 환불 가능 (단, 부모님의 동의 필요)
※ 장학생의 경우 장학금 전액 환수 조치

[2020학년도 등록자의 경우]
반환 사유 발생일 : 학기 개시일이전
1학기 : ~3.15
2학기 : ~8/31
반환 금액 : 수업료 전액

반환 사유 발생일 : 학기 개시일부터 30일까지
1학기 : 3/16~3/30
2학기 : 9/1~9/30
반환 금액 : 수업료의 6분의 5해당액

반환 사유 발생일 : 학기 개시일에서 30일이 지난 날부터 60일까지
1학기 : 3/31~4/29
2학기 : 10/1~10/30
반환 금액 : 수업료의 3분의 2해당액

반환 사유 발생일 : 학기 개시일에서 60일이 지난 날부터 90일까지
1학기 : 4/30~5/29
2학기 : 10/31~11/29
반환 금액 : 수업료의 2분의 1해당액

반환 사유 발생일 : 학기 개시일에서 90일이 지난 날
1학기 : 5/30~
2학기 : 11/30~
반환 금액 : 반환하지 아니함

※ 휴학생의 경우, 수업일수 4주 이내(1학기 2020.4.12 / 2학기 2020.9.27)는 복학 학기 등록금으로 대체되며, 본인이 원할 경우 환불 가능(단, 부모님의 동의 필요)

문의 : 재무팀/본관 2층 204호
전화번호02-300-0032, 0214
E-mail : jaemu@kau.ac.kr",https://kau.ac.kr/web/pages/gc1463h.do,
21,증명서 발급,"발급증명서 종류 및 수수료
인터넷 발급
무인발급기
FAX 민원
우편 발급
각 증명서 관련부서

발급증명서 종류 및 수수료
증명서 종류 : 성적/재학/휴학/재적증명서, 제적/졸업예정/졸업/수료증명서
발급방법 : 인터넷발급, 학생회관발급기, 주민센터 내 FAX민원, 우체국 우편발급
수수료 : 국문 - 재학 600원, 졸업 1,000원 / 영문 - 재학 1,200원, 졸업 1,500원
발급 시 관련부서 : 교무팀, 대학원행정실

증명서 종류 : 학적부, 사실증명원
발급방법 : 방문발급
수수료 : 국문 - 재학 600원, 졸업 1,000원 / 영문 - 없음
발급 시 관련부서 : 교무팀, 대학원행정실

증명서 종류 : 장학수혜확인서
발급방법 : 인터넷발급, 학생회관발급기, 대학원은 방문 발급만 해당
수수료 : 국문 - 재학 600원, 졸업 1,000원 / 영문 - 재학 1,200원, 졸업 1,500원
발급 시 관련부서 : 학생지원팀, 대학원행정실

증명서 종류 : 교육비납입증명서
발급방법 : 종합정보시스템에서 출력가능
수수료 : 없음
발급 시 관련부서 : 재무팀

증명서 종류 : 교외장학지원 관련 추천서
발급방법 : 방문발급
수수료 : 없음
발급 시 관련부서 : 학생지원팀, 대학원행정실

증명서 종류 : 실무경력확인서
발급방법 : 인터넷발급, 학생회관발급기, 방문발급
수수료 : 국문 - 재학 600원, 졸업 1,000원 / 영문 - 없음
발급 시 관련부서 : 항공교통관제교육원

증명서 종류 : 비행경력증명서
발급방법 : 인터넷발급, 학생회관발급기, 방문발급
수수료 : 국문 - 재학 600원, 졸업 1,000원 / 영문 - 없음
발급 시 관련부서 : 비행교육원

증명서 종류 : 비행교육원 이수증명서
발급방법 : 인터넷발급, 학생회관발급기, 방문발급
수수료 : 국문 - 재학 600원, 졸업 1,000원 / 영문 - 없음
발급 시 관련부서 : 비행교육원

증명서 종류 : 공학교육인증 참여확인서
발급방법 : 인터넷발급, 학생회관발급기, 방문발급
수수료 : 국문 - 재학 600원, 졸업 1,000원 / 영문 - 없음
발급 시 관련부서 : 공학교육혁신센터

증명서 종류 : 항공정비사 정비실습확인서
발급방법 : 인터넷발급, 학생회관발급기, 방문발급
수수료 : 국문 - 재학 600원, 졸업 1,000원 / 영문 - 없음
발급 시 관련부서 : 항공우주 및 기계공학부

증명서 종류 : 운항관리경력증명서
발급방법 : 인터넷발급, 학생회관발급기, 방문발급
수수료 : 국문 - 재학 600원, 졸업 1,000원 / 영문 - 없음
발급 시 관련부서 : 비행교육원

1. 인터넷 발급

인터넷증명발급 홈페이지 회원가입 및 본인인증 후, 출력 가능
개인프린터(로컬프린터)에서 직접 출력 가능 / 공유(네트워크) 프린터에서 출력 불가
해외우편 신청 가능 (운송비 일괄 26,500원 / 카드결제만 가능)
결재방법 : 신용카드, 핸드폰
인터넷발급 바로가기 클릭 ☞ 바로가기

2. 수수료

본교 각 증명서 발급수수료 + 대행수수료(인터넷증명발급센터 홈페이지 발급수수료 안내 참조)

3. 유의사항

영문증명서는 영문이름이 등록이 되어 있어야 발급
영문이름 변경(신규 등록): 종합정보시스템 개인정보수정에서 입력
영문이름 등록 문의 : 학부생  02-300-0457 / 대학원생  02-300-0303
영문증명서 seal 처리는 우편발급 및 방문발급만 가능

1. 무인발급기

설치장소 : 학생회관 1층(우리은행 ATM 옆)
발급증명서 : 성적 / 재학 / 휴학 / 재적증명서 / 제적 / 졸업예정 / 졸업 /수료/장학금수혜증명서 등 모든 증명서
결제 방법 : 휴대폰결재 / 카드결재

2. 유의사항

영문증명서는 영문이름이 등록이 되어 있어야 발급
영문이름 변경(신규 등록): 종합정보시스템 개인정보수정에서 입력
영문이름 등록 문의 : 학부생  02-300-0457 / 대학원생  02-300-0303
영문증명서 seal 처리는 우편발급 및 방문발급만 가능

1. FAX 민원

신청방법 : 전국의 시군구 읍/면/동 민원실에서 신청
소요기간 : 신청 후 3시간(근무시간) 이내

2. 수수료

수납방식 : 신청한 해당 민원실에서 수납
수수료 : 본교 각 증명서 발급수수료 + 발급수수료 및 민원처리비 1,000원 + FAX료 300원

우편발급

신청장소 : 전국 우체국
신청방법 : 가까운 우체국에서 민원우편 신청서 양식 작성 후 해당증명서 수수료 합계를 현금으로 동봉하여 신청
소요기간 : 5~7일
수수료 : 본교 각 증명서 발급수수료 + 우체국 발송 수수료

각 증명서 관련부서

해당증명서 발급 시 문의사항은 아래 관련부서에 문의하시기 바랍니다.

증명서 종류 : 성적/재학/휴학/재적증명서/제적/졸업예정/졸업/수료증명서
관련부서 : 교무팀, 일반.항경대학원
위치 : 본관 1층 108호
전화번호 : 02-300-0457(학부), 02-300-0303(일반대학원), 02-300-0314(항경대학원)

증명서 종류 : 학적부, 사실증명원
관련부서 : 교무팀, 일반.항경대학원
위치 : 본관 1층 108호
전화번호 : 02-300-0457(학부), 02-300-0303(일반대학원), 02-300-0314(항경대학원)

증명서 종류 : 장학수혜확인서
관련부서 : 학생지원팀
위치 : 학생회관 2층 206호
전화번호 : 02-300-0025

증명서 종류 : 교외장학지원 관련 추천서
관련부서 : 학생지원팀
위치 : 학생회관 2층 206호
전화번호 : 02-300-0025

증명서 종류 : 교육비납입증명서
관련부서 : 재무팀
위치 : 본관 2층 204호
전화번호 : 02-300-0032

증명서 종류 : 실무경력확인서
관련부서 : 항공통제교육원
위치 : 관제타워
전화번호 : 02-300-0226

증명서 종류 : 비행경력증명서
관련부서 : 비행교육원
위치 : 비행교육원 격납고 2층
전화번호 : 02-300-0221

증명서 종류 : 비행교육원 이수증명서
관련부서 : 비행교육원
위치 : 비행교육원 격납고 2층
전화번호 : 02-300-0221

증명서 종류 : 공학교육인증 참여확인서
관련부서 : 공학교육혁신센터
위치 : 본관 1층 103호
전화번호 : 02-300-0452

증명서 종류 : 항공정비실습경력증명서
관련부서 : 항공우주 및 기계공학부
위치 : 기계관 3층 308호
전화번호 : 02-300-0100

증명서 종류 : 운항관리경력증명서
관련부서 : 항공경영대학 사무실
위치 : 본관 1층
전화번호 : 02-300-0080

발급문의

학부 (위치: : 본관108호 /  TEL : 02-300-0457 )
일반대학원의 모든 증명서 발급사항은 대학원행정실로 문의(위치 : 기계관 1층 110-1호/ tel : 02-300-0303)
항공경영대학원생의 모든 증명서 발급사항은 항공대학행정실로 문의(위치 : 본관 1층 106호/ tel : 02-300-0348)",https://kau.ac.kr/web/pages/gc62866h.do,
22,교내 시설물 이용,"※ 외부인 본교 시설물 이용에 관한 문의 : 본교 사무처 총무팀  ☎ 02-300-0033

시설사용 원칙
예약가능 시설 및 신청방법

1. 시설사용 신청 대상 및 사용목적

본교 재학생 / 학생활동 및 행사, 소모임, 동아리 활동

2. 시설사용원칙

축구장 및 풋살장은 전체학생들이 이용할 수 있도록 팀별(소모임) 주1회 사용을 원칙으로 하며, 1일 2시간 초과하여 사용 시 적발되면 1개월간 사용을 정지합니다.  축구장 및 풋살장은 토요일, 일요일에 외부기관 대여로 예약이 진행되며 '예약가능 시설 및 신청방법'을 참조하여 신청하시기 바랍니다.
다음 학기 시간표 및 계절학기 시간표 배정 관계로 방학 중 홈페이지 신청은 불가하며, 방학 중에 시설사용이 필요한 학생, 부득이 상기 사용 원칙 이외의 사항으로 시설물을 사용해야 할 경우는 학생지원팀에 방문하여 신청하시기 바랍니다.
동일 장소에 1일 1회에 한하여 예약 가능, 1회 사용시간은 2시간을 초과할 수 없습니다. 동일 장소를 1일 이상 연속 예약은 불가하며 부득이한 사정이 있을 경우 학생지원팀에 방문하여 신청하여야 합니다.
사용 예약은 2주 이내 신청 할 수 있으며 당일 예약은 불가합니다.(단 학부(과), 중앙동아리 공식행사의 경우 2주 이전에도 학생지원팀에서 검토 후 예약가능합니다.)
예약 장소에서 일정이 취소될 경우 다른 학생들을 위해서 반드시 취소하여 주시기 바랍니다.
예약이 완료되었어도 교내 행사 발생 시 시설사용이 제한 될 수 있습니다.
동아리 행사는 시설물 사용과 별도로 행사집회허가원(별첨양식(3) 양식 바로 다운로드)을 작성하여 지도교수 확인 후 학생지원팀에 제출하여야 합니다.
음향장비(프로젝트, 마이크 등) 사용 시 장비대여신청서(별첨양식(4)클릭 양식 바로 다운로드)를 작성하여 기계관 1층 실험실습 교육지원실(공과대학)으로 제출하여 주시기 바랍니다.

3. 기타사항

위 2항 사용원칙을 지켜주시고 시설물 사용에 있어서 항대인으로 주인의식을 갖고 깨끗하게 사용하여 주시기 바랍니다.
사용목적과 실제 내용이 상이할 경우 승인을 취소할 수 있으며 이용 기간 및 일일 이용시간을 준수해 주시기 바랍니다.
신청내용을 이행하지 아니하거나 학교 측의 정당한 주문사항을 거부할 경우에는 사용 중에라도 그 승인을 취소 할 수 있습니다.
각종 안전사고에 대한 모든 책임은 사용자가 집니다.
시설물의 청결이 그대로 유지될 수 있도록 하고 이용 종료 후 시설, 청결 등에 관한 이상 유무를 확인하고 이상이 있을 경우 학생지원팀에 반드시 신고를 하여야 합니다.

1. 예약 가능 시설현황
예약 가능 시설 : 과학관 - 매학기 5~7개 예약가능 강의실 오픈
이용시간 : 09:00 ~ 23:00

예약 가능 시설 : 운동장, 풋살 경기장
이용시간 : 09:00 ~ 21:00
참고사항 : 외부기관 대여(아래 요일의 시간에는 예약 불가) - 매주 토요일 10:00 ~ 24:00 / 일요일 09:00 ~ 24:00

예약 가능 시설 : 농구장(테니스장 쪽)
이용시간 : 09:00 ~ 21:00

예약 가능 시설 : 항공우주센터 2층 국제회의장
이용시간 : 09:00 ~ 22:00
참고사항 : 총회나 공연 등 규모가 큰 행사 시만 대여가능하며, 학생지원팀에 방문신청

예약 가능 시설 : 공학관 1층 대강당
참고사항 : 참석인원 규모가 200명 이상일 경우만 대여가능하며, 학생지원팀에 방문신청

2. 신청방법

인터넷 신청 바로가기 클릭 ☞
바로가기

예약일자에 시설물 이용 시 예약내용 출력하여 확인증으로 사용하시기 바랍니다.

3. 문의처

본교 재학생 시설사용 : 학생회관 2층 학생지원팀 ☎ 02-300-0023
외부인 시설사용 : 본관 2층 총무팀 ☎ 02-300-0033
야간조명 시설사용 : 대강당 앞 신관경비실 ☎ 02-300-0473

문의 : 학생지원팀/학생회관 206호
전화번호02-300-0023
E-mailijy337@kau.ac.kr",https://kau.ac.kr/web/pages/gc25111h.do,
23,교내 아르바이트,"1. 대상

본교 학부 및 대학원 재적생 중 아르바이트 희망자

2. 신청방법

종합정보시스템 : 학생활동 - 신청 및 조회 - 근로장학신청 - 아르바이트신청 - 신청서 입력후 저장

문의 : 학생지원팀
전화번호02-300-0025
E-mailthcho@kau.ac.kr",https://kau.ac.kr/web/pages/gc29040h.do,
24,학생증,"학생증 신청
주요기능
분실등록/해제
우리은행 국제학생증

1. 대상

본교 학부 및 대학원 재적생

2. 신청방법(신청 시 필히 신분증 지참)

신/편입생 : 웹 신청(공지사항 '일반공지' 참고 / 학기 초 1~2주 신청)
재학생(재발급) : 방문신청(학생지원팀(학생회관 2층) 방문)

일반대학원생은 일반대학원 공지사항 참조하여 일반대학원 행정실로 접수
항공경영대학원생은 항공경영대학원 공지사항 참조하여 본관 1층 행정실로 접수
신분증 : 주민등록증, 운전면허증, 여권

3. 발급소요기간

익일(단, 3월, 9월 학기 초에는 7~10일 정도 소요/ 대학원생은 2주 정도 소요).

4. 학생증 수령 장소

본교 학생회관 1층 우리은행 출장소(업무시간 : 09:30 ~ 15:30)

5. 발급비용

신규 , 훼손카드 : 없음
재발급 : 7,000원(비용은 학생증 수령 시 우리은행에 납부)

6. 학생증 신청

모바일학생증(KAU ID) : 스마트폰에서 이용할 수 있는 QR 학생증과 NFC 기능이 있는 학생증을 말합니다. 도서관 출입, 좌석예약, 도서 대출/반납 및 학내에서 학생증카드와 동일하게 사용할 수 있습니다.

설치 및 다운로드 방법

1) 안드로이드 폰 사용자는 구글 Play 스토어에서, 아이폰 사용자는 애플 앱스토어에서 '한국항공대학교 모바일학생증' 또는 'KAU ID'로 검색 후 다운로드 및 설치.
2) 설치된 KAU ID App을 실행하여 로그인 화면에서 종합정보시스템(포탈시스템) Login ID(학번) 및 비밀번호를 이용하여 로그인 후 발급합니다.

설치 및 다운로드 방법 안내 바로가기

1. 도서관 이용기능

도서관 출입용 게이트 통과 및 열람좌석 배정, 도서대출 시스템 이용

2. 현금카드 기능

교내·외의 우리은행 CD/ATM기를 이용하여 입·출금 등 은행거래를 할 수 있으며 타 은행의 CD/ATM기를 이용하여 출금할 수 있는 기능

3. 체크카드 기능

일반 신용카드 가맹점에서 물품구매 등의 지불 시 본인 계좌 예금잔액 범위 내에서 사용 가능

4. 교통카드 기능

U-PASS가 탑재되어 지하철 및 버스를 이용할 수 있는 충전형 교통카드 기능

5. 기타

전자출결, 생활관 출입(준비중)

1. 분실등록

학교(타인이 습득 시 본교 시설 이용 제한)와 우리은행(카드 금융 기능 이용 제한)에 모두 신고
학교 : 스마트캠퍼스 홈페이지(바로가기 클릭 ☞ 바로가기 또는 학생회관 2층 학생지원팀 방문(☎ 02.300.0025)
우리은행 : ARS(1588-9955) 또는 학생회관 1층 우리은행 출장소 방문(☎ 02.3158.3656)

2. 분실해제

학 교 : 학생회관 2층 학생지원팀 방문(☎ 02.300.0025)
우리은행 : ARS(1588-9955) 또는 학생회관 1층 우리은행 출장소 방문(☎ 02.3158.3656)

1. 발급대상

만 14세 이상으로 대학교, 대학원 재학 중인 자(휴학생 포함)

2. 구비서류

신분증(주민등록증, 여권, 운전면허증)ㆍ학적증명서
재학생 : 학생증 또는 재학증명서(발급일 1개월 이내)
휴학생 : 학생증 또는 휴학증명서(발급일 1개월 이내)ㆍ반명함판 사진 1매(3cm×4cm) 또는 이미지파일

즉시 발급을 원하는 경우 이미지파일 필히 참조

3. 신청 및 발급 장소

본교 학생회관 1층 우리은행 (업무시간 : 09:30 ~ 15:30) ☎ 02-3158-3656

4. 발급비용

14,000원

5. 발급소요기간

2주
우리은행 국제학생증 안내, 할인, 이용안내 등은 국제학생증ISEC(http://www.isecard.co.kr바로가기  ) 참조

문의 : 학생지원팀/학생회관 2층 206호
전화번호02-300-0025
E-mailmi1020@kau.ac.kr",https://kau.ac.kr/web/pages/gc20177h.do,
25,보험,"보험료 청구 방법
기타사항

1. 지원대상 : 학부생, 대학원생

2. 지원내용 : 3백만원 / 1인 / 1사고

- 교내치료비 : 교내 시설물에 의한 신체 상해

※ 보상하지않는 손해

1) 교내치료비 : 교내 시설물에 의한 신체 상해
2) 천재지변으로 생긴 손해에 대한 배상책임
3) 학생들의 개인적인 배상책임
4) 운동선수로 운동을 위한 연습, 경기, 지도 중에 생긴 손해에 대한 배상책임

3. 보험료 청구방법

가. 병원 치료 후 치료비(실손 의료비) 학생본인이 선납
나. 병원치료 완료 후 보험 청구서류 준비 및 서류제출 (피해일로부터 180일 이내)

▶서류 제출처 : 의료지원실(학생회관 2층)
▶청구서류

사고경위서 1부(별첨양식(6) 다운로드)
재학증명서 1부
진단서 또는 의사소견서 1부(서류발급비용 발생)

※ 대체 가능 서류

입원치료시 : 진료비 상세내역서(코드번호 기재) 가능함
통원치료시 : 통원확인서/ 진료확인서/ 진료차트/ 소견서 등 가능함

통장 사본(학생 본인 명의) 1부
진료비 영수증 1부
보험금 청구서(보험회사 지정양식) 1부

다. 보험사 사고조사 및 심사 후 학생계좌로 치료비 송금(약 2~3주 정도 소요)

1. 학생이 원하는 병원에서 진료를 받을 수 있음

2. 치료비 지급은 2년 이내에 보험사에 청구된 부분에 한하여 보상을 받을 수 있음

3. 교내/외 치료비로 지원되는 치료비 항목 : 응급처치비용, 치료, 수술, 영상촬영 등 제반검사, 보철기구를 포함한
치과치료비, 구급차, 입원(건강보험 기준 병실 기준), 병원이 실시한 전문 간호 및 장례비를 말하며 의료보험법 적용대상인 한방치료를 포함함

4. 사고일 당시 재학생이었으나 이후 휴학을 하였으면 재학증명서를 대신 할 ‘재적증명서’를 제출함

5. 문의처 : 학생회관 2층 의료지원실 ☎ 02-300-0024

문의 : 의료지원실/학생회관 2층 224호
전화번호02-300-0024
E-mailoyn@kau.ac.kr",https://kau.ac.kr/web/pages/gc12217h.do,
27,재학생 장학금,"1. 국가우수(이공계) 장학금

한국장학재단에서 이공계 학업성적우수자에게 지급하는 장학금

2.  국가 장학금

교육부 / 한국장학재단에서 학자금 지원구간 8구간 이하 학생 본인에게 지급하는 장학금(직전학기 성적 12학점 이상 이수, 평점평균 2.75(백분율 80점)이상자에게 지급)

3. 국가유공자 장학금

국가유공자예우및지원에관한법률이 정한 국가유공자 및 그 자녀, 독립유공자 및 그 손(자)녀로서 직전학기 성적 1.88(70점) 이상인 자에게 졸업시까지 지급하는 등록금 전액 장학금 (단, 성적이 미달되는 학기에는 자격이 상실 됨)※ 해당 학생은 '대학수업료 등 면제대상 증명서' 1부를 학생지원팀에 제출

4. 북한 귀순동포 장학금

북한귀순동포로서 재학 중 학업성적이 1.88이상(70점)연속 유지되는 자에게 졸업시까지 지급하는 등록금 전액 장학금(단, 북한귀순동포 본인의 경우 직전 2개학기 성적미달, 북한귀순동포 자녀의 경우 직전학기 성적미달된 학기에는 자격이 상실 됨)※ 해당 학생은 '교육지원대상자 증명서' 1부를 학생지원팀에 제출

5. 농어촌희망재단 장학금

농어업에 종사하는 부모의 자녀 중 학업성적우수 및 학자금지원구간 8구간 이하 학생에게 지급하는 장학금

6. 현대차정몽구재단 장학금

해당 재단에서 선발한 학업성적우수자에게 지급하는 등록금 전액 장학금

7. 총동창회 장학 문화재단 장학금

학업성적이 우수하고 품행이 방정한 자에게 지급하는 장학금

8. 본솔김종한장학재단 장학금

해당 재단에서 선발한 학업성적우수자에게 지급하는 등록금 전액 장학금

9. 삼성드림클래스 장학금

삼성복지재단에 선발되어 교육봉사하는 학생에게 지급하는 장학금

10. 디딤돌 장학금

가정형편이 곤란한 자에게 지급하는 생활비성 장학금

11. 푸른등대 장학금

기부자(기관)별 선발 조건에 따라 한국장학재단에서 지급하는 생활비성 장학금

12. DB김준기문화재단 장학금

해당 재단에서 선발한 학업성적우수자에게 지급하는 등록금 전액 장학금

13. 문주장학재단 장학금

학업성적우수자에게 지급하는 등록금 반액 장학금

14. 세아해암학술재단 장학금

해당 재단에서 선발한 학업성적우수자에게 지급하는 등록금 전액 장학금

15. 고양 장학금

학업성적이 우수하고 품행이 방정한 자에게 지급하는 장학금

16. 일주학술문화재단 장학금

해당 재단에서 선발한 학업성적우수자에게 지급하는 등록금 전액 장학금

17. 아미람 장학금

항공전자정보공학부 학생 중 학업성적이 우수한 학생에게 지급하는 장학금

18. 한국방정환재단 장학금

해당 재단에서 선발한 학업성적우수자에게 지급하는 장학금

19. 86항공기계동문 장학금

항공우주및기계공학부 학생 중 학업성적우수자에게 지급하는 장학금

20. KT 창의혁신 미래창조리더 장학금

항공전자정보공학부 학생 중 학업성적이 우수하고 ICT 관련 활동 실적이 우수한 학생에게 지급하는 등록금 전액 장학금

21. 운항학과 총동문회 장학금

항공운항학과 학생 중 가정형편이 곤란한 자에게 지급하는 생활비성 장학금

22. 금강홍순탁 장학금

해당 재단에서 선발한 학업성적우수자에게 지급하는 장학금

23. 경영학부 장학금

경영학부 학생 중 가정형편이 곤란한 자에게 지급하는 생활비성 장학금

24. 아시아나항대 장학금

항공운항학과 학생 중 가정형편이 곤란한 자에게 지급하는 장학금

25. 미주동문회 장학금

학업성적이 우수하고 가정형편이 곤란한 자에게 지급하는 장학금

26. 비교원12회 장학금

항공운항학과 학생 중 가계곤란자에게 지급하는 장학금

27. 삼토회(본교 퇴직 교원 모임) 장학금학업우수자에게 지급하는 장학금
28. 항공우주연구원 동문회 장학금학업우수 및 가계곤란자에게 지급하는 장학금29. 화전중앙교회 장학금기독교 교인에게 지급하는 장학금30. 고천주 장학금항공전자정보공학부 학생 중 가계곤란자에게 지급하는 장학금31. 둥지 장학금항공운항학과 학생 중 학업우수자에게 지급하는 장학금32. 나래4 장학금항공운항학과 학생 중 가계곤란자에게 지급하는 장학금33. 조규본 장학금항공전자정보공학부 학생 중 성적우수 및 가계곤란자에게 지급하는 장학금34. 이창석 장학금항공전자정보공학부 학생 중 가계곤란자에게 지급하는 장학금35. 최광돈 장학금가계곤란자에게 지급하는 장학금36. 민주동문 장학금학생회(동아리) 간부로 학생회(동아리) 화합도모 및 모교 발전에 이바지 하는 자에게 지급하는 장학금37. 기 타상기 장학금 이외의 지급 대상자에게 지급하는 장학금

문의 : 학생지원팀/학생회관 2층 205호
전화번호02-300-0023
FAX02-3158-2124",https://kau.ac.kr/web/pages/gc32582h.do,
28,시설물 전화번호,"학생회관
편의시설 : 식당
위치 : 1층 학생식당 내
전화번호 : -

편의시설 : 편의점(GS)
위치 : 1층 학생식당 내
전화번호 : 02-3158-0336

편의시설 : 우리은행
위치 : 1층(운영시간) 09:30~15:30
전화번호 : 02-3158-3656

편의시설 : 블루포트(take out coffee)
위치 : 1층 중앙로비
전화번호 : -

공학관
편의시설 : 편의점(7-eleven)
위치 : 전자관 1층
전화번호 : 02-3159-7479

편의시설 : 복사실
위치 : 기계관 3층
전화번호 : 02-3158-4631

편의시설 : Job Cafe
위치 : 기계관 3층
전화번호 : -

강의동
편의시설 : 편의점(GS)
위치 : 강의동 4층
전화번호 : 02-3158-0336

생활관
편의시설 : 편의점(7-eleven)
위치 : 제1생활관 1층
전화번호 : -

연구동
비상연락처 : 종합상황실
위치 : 연구동 1층
전화번호 : 02-300-0438",https://kau.ac.kr/web/pages/gc17412h.do,
29,하숙 및 자취,"하숙

1.학교인근 지역(화전동, 대덕동, 현천동 일원)

① 소요시간 : 도보 5분이내
② 주거형태 : 단독주택 위주
③ 고양 장학회 회원 하숙집 안내 바로 가기
※ 고양장학회 : 하숙비의 일정액을 본교 학생들에게 장학금으로 지급하는 장학회

2.신촌

① 소요시간 : 지하철 또는 버스로 20 ~ 30분 소요
② 주거형태 : 단독주택 위주
③ 교통편 : 지하철(경의중앙선)

지하철(경의중앙선)
간선버스(파란색) 700번, 707번, 770번, 800번
지선버스(녹색) 72번, 7727번, 7728번

원룸 / 오피스텔

1.행신, 화정지역

① 소요시간 : 지하철 또는 버스로 10~20분 소요
② 주거형태 : 다가구 주택 또는 오피스텔
③ 교통편 : 지하철(경의중앙선)

지하철(경의중앙선)
광역버스(빨간색) 1900번
간선버스(파란색) 700번, 707번, 800번
지선버스(녹색) 022번, 7727번, 7728번

2.일산지역

① 소요시간 : 지하철 또는 버스로 20~30분 소요
② 주거형태 : 다가구 주택 또는 오피스텔
③ 교통편 : 지하철(경의중앙선)

지하철(경의중앙선)
간선버스(파란색) 700번, 707번, 770번, 771번
지선버스(녹색) 66번, 72번, 7727번, 7728번

한국장학재단 연합 생활관

① 소요시간 : 지하철 또는 버스로 30 ~ 40분 소요
② 주거형태 : 생활관(한국장학재단)
③ 교통편 : 지하철(경의중앙선)

지하철(경의중앙선, 3호선)
지선버스(녹색) 042번, 075A번, 7733번",https://kau.ac.kr/web/pages/gc82522h.do,
30,총학생회,"총학생회 바로가기

본 대학의 학생활동은 학생들의 대표기구인 총학생회, 총여학생회, 중앙운영위원회와 각 학부(과) 학생회, 동아리 연합회, 학생복지위원회, 졸업준비위원회 등을 중심으로 자율 속에서 활발하게 이루어지고 있다.
학생회는 자유롭고 민주적인 자치활동을 통하여 학생 상호간의 유대를 돈독히 함으로써 학구적 기풍을 진작시켜 대학의 자율적 발전을 도모하고, 민주시민으로서의 자질을 함양하여 사회의 민주화의 구현에 이바지함을 목적으로 하고 있다.
학생회의 주요사업으로는 신입생 오리엔테이션을 시작으로 학생총회, 은익제, 하계봉사활동(항공학교, 수혜복구 등), 농촌봉사활동, 항공제, 항공산타 등 다양한 사업을 진행하고 있으며, 각 기구별 상호 협의를 통한 유기적인 공동의식 속에 운영되고 있다.

총학생회장실 : 02-300-0235
총학생회실 : 02-300-0236",https://kau.ac.kr/web/pages/gc51160h.do,
32,학생 복지,"학생복지위원회에서는 학우들의 편의를 제공하고자 여러 서비스를 제공하고 있습니다. 항대인들의 학교생활에 도움 되길 바라며 많은 이용바랍니다.


○ 학생복지위원회 위치 : 학생회관 2층 202-2호

○ 학생복지위원회 인스타 DM : @kau_hakbock

○ 페이스북 메신저 & 카카오톡 플러스 친구 : @한국항공대학교 학생복지회

 

1. 휴대폰 충전 및 보조배터리 대여가능

   □ 급하게 휴대폰을 사용해야 하는데 배터리가 없어서 전원이 꺼져 난감할 때~

   □ 미처 충전시키지 못해 하루 종일 휴대폰 사용하지 못하여 우울할 때~

     ① 보조배터리 보유대수 : 총 8대

     ② 충전 및 대여절차 : 학생복지위원회 방문하여 휴대폰 충전을 맡기시거나 장부 작성 및 신분증  제출 
        후에 보조배터리 대여 가능 → 반납 시 신분증 반환

 

2. 우산대여

   □ 화장한 날씨를 보고 등교를 했는데 갑자기 하늘에서 비가 쏟아질 때~

   □ 챙겨온 우산을 분실하거나 어느 분이 허락 없이 슬쩍하여 난감할 때~

     ① 대여절차 : 학생복지위원회 방문 → 우산대여 대장 작성 → 학생증 + 보증금 1,000원 맡김 → 다음날
        반납(반납 시 신분증 및 보증금 반환)

      ※ 모든 항공인의 대여물품이니 내 것처럼 깨끗이 사용 부탁드리며 꼭 반납해주세요.
         내가 반납 안 한 우산 하나가 다른 학우들의 불편함을 초래할 수 있습니다.

 

3. 기타 대여 물품 목록

   □ 운동 물품 : 축구공, 축구화, 족구공, 족구 네트, 농구공, 탁구채, 탁구공, 야구공, 글러브, 배트,
      점수판, 에어펌프 등

   □ 샤워 물품 : 샴푸, 린스, 바디워시, 드라이기, 고데기 등

   □ 편의 물품 : 스테이플러, 펀치, 테이프, 가위, 드라이버, 테이프, 자 등등

     ① 대여 절차 
        학생복지위원회 방문 → 신분증 또는 학생증 제출 → 대여장부 작성 → 물품 대여 및 사용

     ② 반납 절차 : 학생복지위원회 방문 → 물품 반납 및 정리 → 신분증 찾아가기

 

4. 프린트 무료 인쇄 및 복사 사용

    □ A4 용지가 없어 복사를 미처 못 할 때~

    □ 급하게 보고서를 제출하여야 하는데 인쇄하지 못할 때~

      ① 프린트 보유 수 : 1대

      ② 절차 : 학생복지위원회에 방문 → 무료로 프린트 인쇄 및 복사 사용 → 사용하신 파일 및 자리 정리

        ※ 프린터가 1대뿐이라 한꺼번에 많은 양을 인쇄하시거나 복사하실 경우 다른 학우들에게 불편함을 줄
           수 있으므로 1인당 10장미만으로 이용하길 권장합니다.

 

 

5. 건의사항 및 공동구매 요청 있을 시

   □ 학교생활을 하며 불편한 점이나 여러 친구들이 느끼기에 있었으면 좋겠다는 물품이 있을 시 학생복지위원회에서 해결해드리려고 노력하겠습니다. 공동구매도 이미 많이 진행하고 있으며, 언제든지 소통 창구는 열려 있으니 건의 및 연락 바랍니다.

  - 연락처 : 학생복지위원회 인스타 DM : @kau_hakbock

  - 페이스북 메신저 & 카카오톡 플러스 친구 : @한국항공대학교 학생복지회

 

6. 분실물 사업

  □ 누군가 잃어버린 물건을 습득하였는데 어디다가 맡겨야 할지 모를 때

  □ 학교 어디에선가 물건을 잃어버려 찾지 못했을 때 저희 학생복지회가 대신 맡아주고 찾아드립니다.

    ① 맡기는 절차 : 학생복지위원회 방문 → 분실물 장부 작성(분실물 및 습득 장소 작성, 습득자 기본 인적
       사항 작성) → 분실물 맡김

    ② 찾는 절차 : 학생복지위원회 방문 → 신원 확인 및 주인 확인 → 분실물 상태 확인 → 분실물 장부
       작성 후 분실물 찾아가기



7. 자원봉사단 관리

   저희 학생복지위원회에서는 새내기 배움터 또는 축제날에 다른 학우들을 위하여 봉사해줄 자원봉사단(자봉단) 모집 및 관리를 도맡아 하고 있습니다. 관심이 있는 학우께서는 해당 행사기간에 맞춰 올라오는 홍보 게시물을 확인하신 뒤 지원해주시면 감사하겠습니다.",https://kau.ac.kr/web/pages/gc221h.do,
33,총여학생회,"총여학생회에서는 여학우들의 편의를 제공하고자 여학우 전용 휴게실 개방과 여학우 관련 물품대여를 실시하오니 학교생활에 도움 되길 바라며 많은 이용바랍니다.

총여학생회 위치 : 학생회관 2층 212호
총여학생회 ☎ 02.300.0237

1. 여학우 전용 휴게실 : 학생회관 2층 213호

휴게실은 우리학교 여학우면 모두 사용할 수 있으며 휴식공간과 수면침대가 있으니 아무 때나 오셔서 지친 피로를 풀고가세요.

휴게실 내 수면침대 이용

1. 수면침대 수 : 4개
2. 이용절차 : 총여학생회 -&gt; 이용대장 작성 -&gt; 학생증 또는 신분증 맡기시고 이불대여 -&gt; 휴식 완료 후 이불 총여학생회 반납

휴게실 이용시간

1. 학기 중 - 11:00~17:00
2. 방학 중 - 사용불가

2. 여학생 대여 물품 : 슬리퍼(여성용 사이즈만 있어요~), 무릎담요, 반짓고리

모든 대여물품은 학생증 또는 신분증을 맡기고 이용대장을 작성하여야 대여가 가능하시고 우리 여학우님들의 아름다운 미모처럼 대여물품도 깨끗이, 아껴써주시는 여학우가 되어보아요~",https://kau.ac.kr/web/pages/gc88949h.do,
34,방송국,"홈페이지 바로가기

한나래 방송국(ABS) (창립년도 : 1966 / 위치 : 학생회관 203호)

설립목적
한나래 방송국은 교내 유일의 방송 언론기관으로, 항공대 학우들에게 교내외 소식, 시사 정보는 물론 라디오 방송을 통해 다양한 주제의 정보를 목소리로 직접 전달합니다.

활동내용
교내 라디오 방송
연 1회 한나래 방송제
정보 전달 방송 관제탑 (youtube)

홈페이지 바로가기

항공대신문사 (창립년도 : 1966 / 위치 : 학생회관 201호)

설립목적
항공대신문사는 1966년 9월 21일 창간호 발간을 시작으로 현재까지 이어져온 한국항공대학교의 학생언론자치기구입니다.

활동내용
항공대신문사는 본교 소식과 다양한 시사 정보를 학우분들께 전달하고 있습니다. 보도, 항공, 항공상식 등과 같은 한국항공대학교 학생들의 관심사와 더불어 사회, 국제, 문화, 칼럼 등의 시사 이슈 또한 다뤄집니다.

홈페이지 바로가기

Falcon(영자신문사) (창립년도 : 1995 / 위치 : 학생회관 309호)

설립목적
한국항공대학교 유일무이 영자 신문사로 본인이 쓰고 싶었던 기사 내용들을 자유롭게 영어로 써나가며 구성원들 간의 친목을 도모하고자 한다. 원어민 교수님의 첨삭과 디자이너님과의 디자인을 통해 완성도 높은 기사를 잡지로 발간한다. 교내 글 쓰는 것에 관심이 많은 학생들과의 교류를 통해 자기개발과 대학발전에 기여한다.

활동내용
1년에 3번 자유 주제로 기사를 작성한다. 작성한 기사들을 피드백 하고 평가하는 품평회가 있으며 그 외에도 체육대회, 창립총회, MT 등이 있다.",https://kau.ac.kr/web/pages/gc98930h.do,
35,의료실,"의료지원실 소개
1. 인사말

의료지원실은 학생 및 교직원 여러분의 건강유지 및 증진을 위하여 의료서비스 제공, 건강 상담, 구급약품 지원, 보건교육 등에 최선을 다하고 있습니다. 재학생 및 교직원 여러분 누구나 자유롭게 의료지원실에 방문하여 응급 처치, 건강 상담, 일차 투약 등의 의료서비스를 제공받으실 수 받을 수 있습니다. 양질의 의료서비스가 제공될 수 있도록 항상 노력하겠습니다.

2. 이용안내

위 치 : 학생회관 2층 224호
연락처 : 02-300-0024(내선 024)
운영일시 : 월~금/09:00~18:00(점심시간 12:00~13:00)

3. 시설소개

4. 의료지원

응급처치 및 일반의약품 투약

교내에서 발생한 외상치료와 감기, 소화불량 등 단순증상에 대한 투약(전문의약품 제외)
응급상황 발생 시 응급처치

건강 상담 및 교육 : 질병의 조기 발견 및 건강에 대한 올바른 지식 제공

건강증진 프로그램

금연클리닉(타기관 연계), 일산화탄소 검사, 금연 보조제 제공과 금연 상담(매학기 진행)

학교행사 의료지원 : 신입생 새로배움터, 축제 등 학교의 공식적인 행사 시 의료지원

5. 건강검사

자동 혈압계, 신장체중계, 혈당계, 시력표를 이용한 검사로 질병의 예방

6. 안정실 이용

이용시설 : 침대 3개
이용시간 : 09:00 ~ 18:00

7. 구급함 대여

각종 공식행사(동아리 활동, 농활, 체육대회, 교직원 연수 등)시 구급약품의 지원을 통해 진료 기회를 확대함
대여방법: 의료지원실 방문 신청

행사 특성, 인원에 따라 의약품의 양이 달라질 수 있음

문의 : 의료지원실/학생회관 224호
전화번호02-300-0024
E-mailejp0918@kau.ac.kr",https://kau.ac.kr/web/pages/gc62234h.do,
36,예비군,"예비군안내
학군단

예비군대대 위치 및 연락처

1) 위치 : 학생회관 2층(226호)
2) 대대장 : 조인제(02-300-0270)
3) 참모 : 김형락(02-300-0267)

예비군대대 운영방침

1) 자원관리부대 교육훈련 주기와 대학 학사일정 조율을 통하여 예비군 훈련에 전념할 수 있는 여건마련
2) 대학내 예비군 행정서비스 구축으로 예비군 훈련 관련 신속 / 정확한 정보 확인 및 개인별 불이익 발생 사전 예방
3) 예비군훈련 3대 불편사항(교통, 급식, 편의시설 이용) 해소를 위하여 매년 학생예비군 육성지원 체계 확립4) 예비군 훈련간 안전사고 예방을 위하여 현장 확인감독 및 조치사항에 대한 시스템 구축 등 예비군 교육훈련의 내실화 추구

예비군 조직대상

1) 신분별 예비군 편성기간
단기하사(만 40세), 중사(만 45세), 상사(만 53세)
소위~대위(만 43세), 소령(만 45세), 중령(만 53세)

2) 예비역 / 보충역의 병사 : 전역 후 8년차까지 편성(전역일 기준 익년도 1월 1일부 예비역 1년차)

예비군대원 신고기간 및 방법

1) 대학 종합정보시스템 이용 신고기간 : 매학기 수업일수 4주선까지(1월초~3월말, 7월초~9월말) / 이후 예비군대대 방문신고2) 종합정보시스템 이용 신고방법 : 접속 / 로그인 → 학사시스템 → 개인정보 → 예비군 편성신고 → (우측하단) 등록하기 클릭3) 신고(편성) 제외대상 : 수업연한 초과자, 졸업유예자, 졸업(수료)생, 휴학생, 유급생, 전문(특수)과정, 연구과정, 관리과정 4) 예비군대원 신고 이후 개인 E-mail, 휴대전화 변경시 수정 안내(필수)           	예비군 홈페이지(https://yebigun1.mil.kr) 접속 / 로그인 → 나의정보 → 개인정보 수정에서 변경예비군 홈페이지 접속제한 시 대학 예비군대대 사무실 전화 또는 방문 / 수정요청

예비군 교육훈련

1) 신분 / 연차별 교육          	
교수 / 학생(대학원) 1~6년차 8시간
직원 1~4년차 32시간, 직원 5~6년차 20시간
※ 전역 당해년도, 7~8년차 예비군대원 훈련 미부과(단, 전년도 이월훈련 대상자는 제외)
2) 훈련시기 및 훈련시간     	
훈련시기 : 학기중 3회(1차, 2차, 3차) / 1학기 재학생(1학기내 3차까지 실시), 2학기 신규 예비군(2학기내 3차까지 실시)
훈련시간 : 09:00~18:00(입소시간 09:00 이후 1분이라도 지연도착시 입소 불가)
※ 훈련복장 : 전투복, 전투화, 전투모(베레모) 착용 준수 / 복장 미준수시 입소불가
3) 훈련통보      	
1차훈련 : 홍보(대학 홈페이지 일반공지 게재, 학부 사무실 안내, 개별 문자메세지 발송 등 입체적인 홍보)
2차, 3차훈련 : 개인별 소집통지서 발급(장소 : 예비군대대 사무실)
※ 3차훈련 무단불참시 고발조치

훈련일정 자율선택, 휴일 / 전국단위 예비군훈련 신청방법

1) 예비군 홈페이지 접속/로그인 → 훈련일정 자율선택, 휴일/전국단위훈련 메뉴 선택 → 훈련신청 → 통지서 출력 → 훈련참석            
2) 훈련 희망일자 및 훈련장소는 본인이 직접 선택(예비군 홈페이지에서 개별 확인)

교육장소          
1) 일산 예비군훈련장 : 경기도 고양시 일산서구 고양대로 429          
2) 송포 예비군훈련장 : 경기도 고양시 일산서구 덕이로 104-36
유의사항

1) 학생 신분이 상실된 경우(휴학, 자퇴 등) 지역 예비군중대로 전출 / 추후 복학 등 재등록시 종합정보시스템 이용 신고 필수2) 수업연한 초과자, 졸업유예자는 재학중이라도 지역 예비군중대로 전출 / 지역 예비군중대에서 부여된 훈련 이수 3) 당해 지역 예비군중대에서 부과된 2차훈련을 무단불참하고 학생 예비군으로 편성되었을 경우 해당훈련을 부과함    ex) 지역 예비군중대 동미참(32시간) 2차훈련을 무단불참한 후 학생 예비군으로 편성시 동미참(32시간) 3차훈련이 부과됨

문의 : 예비군대대/조인제
전화번호02-300-0270
E-mailijcho@kau.ac.kr

학군단(ROTC)제도

학군단 바로가기

1. 창설

대통령령으로 제정된 학생군사교육 실시령(1971. 6. 26) 에 따라 국가 방위의 주역인 초급장교 양성을 목표로 창설

2. 학군제도

2학년 재학생 중 우수한 인재를 선발하여 3,4학년 동안 대학생활과 더불어 소정의 군사교육을 통하여 장교로 임관시키는 제도

3. 복무기간

조종자원은 임관 후 전원이 장기자원으로서 복무기간이 10년이 됩니다.일반자원은 복무기간이 3년이며, 학군장학금을 받게되면 수혜 기간만큼 복무기간이 연장됩니다.

지원자격 및 구비서류
1. 지원자격

① 연령 : 임관일 기준 만20세~27세까지의 남자
② 지원가능 대학 : 항공대학교, 한서대학교(항공학부)
③ 학력 : 2학년 재학생 중 3학년 진학 및 졸업학점 취득이 가능하다고 대학에서 추천된 자
④ 군인사법 제10조(임용결격사유)에 저촉되지 아니한 자
⑤ 장기복무 지원(운항과 학생에 한함)

2. 구비서류
1차전형 대상자 제출서류

① 지원서(공군 소정서식) 1부
② 성적증명서(1학년 전체학기 성적) 2부
③ 사진(3×4cm) 3매
④ 호적등본 및 주민등록등본 각 2부
⑤ 장기복무 지원서 1부 (운항과 재학생에 한함)
⑥ 성적증명서(2학년 1학기) 2부
⑦ 신원진술서(공군 소정서식) 2부

문의 : 학군단 행정실
전화번호02-300-0233",https://kau.ac.kr/web/pages/gc37548h.do,
37,설립 취지,"“개척자적 정신을 배양하고, 지성인으로서의 교양과 첨단의 과학기술로 무장하여, 새로운 시대의 역사적 소임을 다할 수 있는 능력 있는 선도자를 배출”

대학은 국가와 인류사회의 발전에 기여할 인재를 양성하는 고등교육기관이다. 우리 한국항공대학교는 ‘개척자적 정신을 배양하고, 지성인으로서의 교양과 첨단의 과학기술로 무장하여,  새로운 시대의 역사적 소임을 다할 수 있는 능력있는 선도자를 배출’ 한다는 건학이념을 바탕으로, 1952년 개교된 이래 60여년간 항공우주분야의 전문인력을 양성해옴으로써 국내 최고의 항공우주과학분야 특성화 대학으로 상징해왔다.

“인격도야(마음과 몸매를 맑게), 진리탐구(학문과 창의를 넓게), 인화협동(화협과 단결을 굳게)”

이러한 건학정신에 따라, 우리대학은 “인격도야(마음과 몸매를 맑게), 진리탐구(학문과 창의를 넓게), 인화협동(화협과 단결을 굳게)”라는 교육이념(교훈)을 제정하여, 인재교육을 위한 규범으로 삼고 있으며, 국가와 인류사회의 발전에 기여할 인재를 양성하는 고등교육기관으로서 학칙 제 1조에 “항공우주과학을 중심으로 국가사회와 인류발전에 필요한 학문분야에 관한 이론과 응용방법을 교수 및 연구하고 아울러 지도자로서의 인격과 실력을 갖춘 유능한 인재를 양성＇이라는 교육목적을 설정하였고, 이를 반영하여 한국항공대학교의 독창적인 교육목표를  설정하였다.

본 대학은 조국이 걸어온 험난한 역사만큼이나 고난과 영광이 교차된 발전의 과정을 거쳐 오면서 국가가 필요로 하는 항공분야의 전문인력을 꾸준히 배출하여 사회의 각 분야에서 중추적 역할을 담당하도록 해왔다.

졸업생들이 오늘날 항공산업의 여러 관련분야에서 수행하는 역할은 지대하다고 말하지 않을 수 없다.
이들은 항대의 상징인 송골매의 옹골찬 정신을 간직하고 올곧은 사람으로 각자의 역할을 충실히 수행하며 국가발전의 역군으로 활약하고 있다.

문의 : 기획홍보팀/정인교
전화번호 : 02-300-0041
E-mail : igjung@kau.ac.kr",https://kau.ac.kr/web/pages/gc3480h.do,
38,교육 목적,"건학정신
개척자적 정신을 배양하고, 지성인으로서의 교양과 첨단의 과학기술로 무장하여, 새로운 시대의 역사적 소임을 다할 수 있는 능력있는 선도자를 배출

교육이념(교훈)
인격도야(人格陶冶) : 마음과 몸매를 맑게
진리탐구(眞理探究) : 학문과 창의를 넓게
인화협동(人和協同) : 화협과 단결을 굳게

교육목적
항공우주과학을 중심으로 국가사회와 인류발전에 필요한 다양한 학문분야에 관한 이론과 응용방법을 교수 및 연구지도자로서의 인격과 실력을 갖춘 유능한 인재양성

교육목표
항공우주과학을 중심으로 한 관련분야의 전문인 육성
이론과 실무능력을 동시에 견비한 인재 양성
사회 적응력이 뛰어난 균형 잡힌 지성인 양성

핵심역량

글로벌소통역량Smart Global collaborators
공간과 시간, 언어의 장벽을 넘어 소통하고 협력할 수 있는 역량

전문탐구역량Passionate Explorers
전문분야에 대한 기본역량을 바탕으로 문제를 해결할 수 있는 역량

통섭융합역량All-Round Experts
인문학적 소양과 전문분야의지식을 융합하여 문제를 해결할 수 있는 역량

창의도전역량Creative challengers
창의와 도전 정신으로 새로운 미래를 개척할 수 있는 역량

윤리인성역량Ethical Leaders
도덕성을 바탕으로 화합과 봉사의 정신을 구현할 수 있는 역량

문의 : 기획홍보팀/정인교
전화번호 : 02-300-0041
E-mail : igjung@kau.ac.kr",https://kau.ac.kr/web/pages/gc66045h.do,
39,발전계획,"New EducationParadigm
학생·교육
창의·융합교육선도

핵심역량 기반 KAU형 교양교육
창의융합인재 양성교육 혁신
우수 인재 유치 및 학생 중심 맞춤형 지원 강화
학생 자기주도적 내일(Tomorrow-Job)찾기
미래형 교수·학습혁신

Advancing ResearchCompetitiveness
교수·연구
학문·연구역량강화

우수 교원 및 연구인력 확보
항공우주 특성화 연구 선도
연구성과중심 평가보상 시스템 강화

Leading inAerospace
국제화·브랜드
브랜드 가치 혁신

항공우주 특성화 글로벌 혁신인재 양성
글로벌 네트워크 기반 교육환경 조성
KAU 브랜드 정립

Developing withCommunity
산학·공동체
공동체 상생가치 창출

항공우주 특성화 글로벌 산학연협력 활성화
CSV형 지역사회 기여활성화
KAU 인프라 및 지식나눔

Achieving SustainableUniversity
경영·인프라
지속가능한 열린 대학

Smart &amp; Safe 캠퍼스 구축
구성원 참여·소통기반지속가능 대학정립
대학 재정 건전성 확보

NALDA-High
항공대 날다!
더 높이!

항공우주 특성화 분야

미래 모빌리티 분야
(드론, UAM, AI자율주행)

항공우주 기술, 운영분야

반도체 분야

교육 혁신
NALDA-EDU High

미래형 창의융합
교육 혁신

인재 양성
NALDA-TALENT High

항공우주 특성화
미래 혁신인재 양성

공유 가치
NALDA-VALUE High

항공우주 미래산업
공유가치 창출 선도

문의 : 기획홍보팀/정인교
전화번호 : 02-300-0042
E-mail : igjung@kau.ac.kr",https://kau.ac.kr/web/pages/gc52782h.do,
41,대학기구,"학교소개 대학기구

대학평의원회비서실
대학본부
교무처
학생처
기획처
연구협력처
입학처
사무처
기타 기관
대학일자리센터
현장실습지원센터
학군단
대학
공과대학
AI융합대학
항공·경영대학
자유전공학부
인문자연학부
미래교육혁신원
교수학습센터
교육성과관리센터
원격교육지원센터
대학원
대학원
항공·경영대학원
산학협력단
중소기업 산학협력센터
차세대방송미디어 기술연구센터
디스플레이 기술연구센터
창업지원센터
공동기기센터
부속기관
학술정보관
전산정보원
인권센터
신문사
방송국
비행교육원
관제소
항공교통관제교육원
항공기술교육원
한국항공안전교육원
항공우주박물관
국제교류원
평생교육원
생활관
사회봉사단
연구소
항공전자연구소
항공우주산업 기술연구소
KAU로봇연구센터
신소재연구센터
기계항공산업신뢰성 기술연구센터
표면기술응용 연구센터
개도국기술경영 지원센터
교통물류연구소
항공산업정책연구소
항공안전관리연구소
유비쿼터스 기술응용 연구센터
항공체계시험 인증연구센터
첨단무인기 연구센터
국방광역감시 특화연구센터
미래항공모빌리티 기술센터
IT연구소
미래융합기술개발 연구센터",https://kau.ac.kr/web/pages/gc53123h.do,
42,대학규정,"학교법인
학칙
일반행정
교무 및 연구행정
학생 및 장학행정
부속 및 부설기관
위원회
기타

대학규정 : 정관
PDF 다운로드 : [링크]

대학규정 : 교원징계위원회 운영규정
PDF 다운로드 : [링크]

대학규정 : 일반직원징계위원회 운영규정
PDF 다운로드 : [링크]

대학규정에는 다음과 같은 내용이 포함되어 있습니다:

- 제 2편 학칙
    - 제 1장 대학교
        - 학칙
        - 학칙 시행세칙
    - 제 2장 대학원
        - 대학원 학칙
        - 일반 대학원 학칙 시행세칙
        - 항공 · 경영대학원 학칙 시행세칙

PDF 다운로드 링크는 다음과 같습니다:
- [제 1장 대학교 학칙](/doc/aboutkau/rules/2-1-01.pdf)
- [제 1장 대학교 학칙 시행세칙](/doc/aboutkau/rules/2-1-02.pdf)
- [제 2장 대학원 대학원 학칙](/doc/aboutkau/rules/2-2-01.pdf)
- [제 2장 대학원 일반 대학원 학칙 시행세칙](/doc/aboutkau/rules/2-2-02.pdf)
- [제 2장 대학원 항공 · 경영대학원 학칙 시행세칙](/doc/aboutkau/rules/2-2-03.pdf)

대학규정에는 다양한 규정들이 포함되어 있습니다. 몇 가지 예시를 들면, 제 3편 일반행정에는 조직 및 인사에 관한 규정들이 있습니다. 그 중에는 직제규정, 사무분장 규정, 위임전결 규정, 직원인사 규정 등이 있습니다. 또한, 제 4장 재무행정에는 교직원 보수 규정, 직원 재정 보증에 관한 내규, 강의료 지급 규정, 여비 규정 등이 포함되어 있습니다. 이 외에도 다양한 규정들이 있으며, 자세한 내용은 해당 규정의 PDF 파일을 다운로드하여 확인할 수 있습니다.

대학규정 - 제 4편 교무 및 연구행정 - 교원인사규정
대학규정 - 제 4편 교무 및 연구행정 - 교원인사규정 시행세칙
대학규정 - 제 4편 교무 및 연구행정 - 조종실기교수 인사 규정
대학규정 - 제 4편 교무 및 연구행정 - 교원 연구년제 규정
대학규정 - 제 4편 교무 및 연구행정 - 교원 출장 파견 및 연수에 관한 규정
대학규정 - 제 4편 교무 및 연구행정 - 교원 업적평가 규정
대학규정 - 제 4편 교무 및 연구행정 - 교원 업적평가 규정 시행세칙
대학규정 - 제 4편 교무 및 연구행정 - 학술연구비 관리 규정
대학규정 - 제 4편 교무 및 연구행정 - 지식재산권 관리에 관한 규정
대학규정 - 제 4편 교무 및 연구행정 - 연구비중앙관리지침
대학규정 - 제 4편 교무 및 연구행정 - 협동연구개발 촉진 업무 규정
대학규정 - 제 4편 교무 및 연구행정 - 교원 경력 환산에 관한 내규
대학규정 - 제 4편 교무 및 연구행정 - 교원 특별채용 내규
대학규정 - 제 4편 교무 및 연구행정 - 명예교수 임용심사기준에 관한 내규
대학규정 - 제 4편 교무 및 연구행정 - 정성평가 심사 내규
대학규정 - 제 4편 교무 및 연구행정 - 교원 특별성과 지원규정
대학규정 - 제 4편 교무 및 연구행정 - 조종실기교수 인사규정시행세칙
대학규정 - 제 4편 교무 및 연구행정 - 연구노트 작성 및 관리규정
대학규정 - 제 4편 교무 및 연구행정 - 연구도서 구매 및 관리 규정
대학규정 - 제 4편 교무 및 연구행정 - 비정년트랙교원 임용에 관한 시행세칙
대학규정 - 제 4편 교무 및 연구행정 - 연구개발과제 보안관리지침
대학규정 - 제 4편 교무 및 연구행정 - 교원 성과연봉제 평가규정
대학규정 - 제 4편 교무 및 연구행정 - 연구윤리규정
대학규정 - 제 4편 교무 및 연구행정 - 비정년트랙교원 책임강의시간에 관한 지침
대학규정 - 제 4편 교무 및 연구행정 - 비정년트랙교원 업적평가 규정 시행세칙
대학규정 - 제 4편 교무 및 연구행정 - 강사 임용에 관한 규정
대학규정 - 제 4편 교무 및 연구행정 - 강사 임용에 관한 내규
대학규정 - 제 4편 교무 및 연구행정 - 비전임교원 임용에 관한 내규
대학규정 - 제 4편 교무 및 연구행정 - 학생연구자 지원 규정
대학규정 - 제 4편 교무 및 연구행정 - 교원 창업 규정
대학규정 - 제 4편 교무 및 연구행정 - 비전임교원 인사규정
대학규정 - 제 4편 교무 및 연구행정 - 계약직 조종실기교수 임용 규정
대학규정 - 제 4편 교무 및 연구행정 - 항공기술교육원 계약직 교관 임용규정

대학규정:
제 5편 학생 및 장학 행정
- 학생준칙
- 총학생회 회칙
- 장학금 지급 규정
- 장학금 지급 규정 시행세칙
- 일반대학원 장학규정
- 항공·경영대학원 장학규정
- 항공기술교육원 장학규정
- 항공기술교육원 장학규정 시행세칙
- 대학원 외국인 학생에 관한 규정
- 대학원 전문연구요원 임용 및 복무 규정
- 인천공항교육협의체 계약학과 학사운영 규정
- 대학원 공동학위 및 복수학위 운영 규정
- 공학교육인증 시행세칙
- 학·석사 연계과정 운영에 관한 내규
- 박사 후 과정에 대한 규정
- 장애학생지원 운영 규정
- 학생자치기구실 및 복지시설 운영에 관한 내규
- 대학원 편입학에 관한 규정
- 대학원 편입학 학사에 관한 규정
- 사회봉사단 운영 규정
- 대학원 학과간 협동과정 설치 및 운영 규정
- 지도교수 및 공동지도교수 운영에 관한 내규
- 수업관리에 관한 내규
- 성적관리에 관한 내규
- 창업지원 학사운영 내규
- 한국항공대학교 대학원생 권리장전
- 감염병 예방 및 위기관리 규정
- 대학원 계약학과 운영내규
- 현장실습학기제 운영 규정
- 교과과정 편성 및 운영 규정
- 강의평가 시행 내규
- 자유전공학부 운영에 관한 규정
- 항공경영대학 운영내규
- 대학일자리센터 운영 규정
- 공과대학 운영내규
- 소수집단학생 지원 규정
- 외국인 학생 관리 지원 내규
- 성적경고자 관리 및 지원에 관한 내규
- 원격강좌 운영 규정
- 공학계열 모집단위 운영 규정
- 현장실습학기제 운영 규정 시행세칙

대학규정 - 제 6편 부속기관 - 제 1장 부속기관 - 중앙도서관 규정
PDF 다운로드 : [링크]

대학규정 - 제 6편 부속기관 - 제 1장 부속기관 - 관제소 규정
PDF 다운로드 : [링크]

대학규정 - 제 6편 부속기관 - 제 1장 부속기관 - 전산정보원 규정
PDF 다운로드 : [링크]

대학규정 - 제 6편 부속기관 - 제 1장 부속기관 - 방송국 운영 규정
PDF 다운로드 : [링크]

대학규정 - 제 6편 부속기관 - 제 1장 부속기관 - 항공우주박물관 규정
PDF 다운로드 : [링크]

대학규정 - 제 6편 부속기관 - 제 1장 부속기관 - 생활관 운영규정
PDF 다운로드 : [링크]

대학규정 - 제 6편 부속기관 - 비행교육원 규정
PDF 다운로드 : [링크]

대학규정 - 제 6편 부속기관 - 항공교통관제교육원 규정
PDF 다운로드 : [링크]

대학규정 - 제 6편 부속기관 - 평생교육원 규정
PDF 다운로드 : [링크]

대학규정 - 제 6편 부속기관 - 국제문화원 규정
PDF 다운로드 : [링크]

대학규정 - 제 6편 부속기관 - 한국항공안전교육원 규정
PDF 다운로드 : [링크]

대학규정 - 제 6편 부속기관 - 한국항공안전교육원 규정 시행세칙
PDF 다운로드 : [링크]

대학규정 - 제 6편 부속기관 - 부속 연구기관 설립 및 운영규정
PDF 다운로드 : [링크]

대학규정 - 제 6편 부속기관 - 중소기업 산학협력센터 규정
PDF 다운로드 : [링크]

대학규정 - 제 6편 부속기관 - 정보보호연구소 규정
PDF 다운로드 : [링크]

대학규정 - 제 6편 부속기관 - 정보보호연구소 연구비 관리내규
PDF 다운로드 : [링크]

대학규정 - 제 6편 부속기관 - 지역사회 개발연구소 규정
PDF 다운로드 : [링크]

대학규정 - 제 6편 부속기관 - 항공전자연구소 규정
PDF 다운로드 : [링크]

대학규정 - 제 6편 부속기관 - 항공산업정책연구소 규정
PDF 다운로드 : [링크]

대학규정 - 제 6편 부속기관 - 기초학문연구소 규정
PDF 다운로드 : [링크]

대학규정 - 제 6편 부속기관 - 항공안전관리 연구소 규정
PDF 다운로드 : [링크]

대학규정 - 제 6편 부속기관 - 경영연구소 규정
PDF 다운로드 : [링크]

대학규정 - 제 6편 부속기관 - 항공우주산업기술연구소 규정
PDF 다운로드 : [링크]

대학규정 - 제 6편 부속기관 - 교통·물류연구소 규정
PDF 다운로드 : [링크]

대학규정 - 제 6편 부속기관 - 차세대 방송미디어기술 연구센터 규정
PDF 다운로드 : [링크]

대학규정 - 제 6편 부속기관 - 항공경영교육혁신센터 규정
PDF 다운로드 : [링크]

대학규정 - 제 6편 부속기관 - 유비쿼터스 기술응용연구센터 규정
PDF 다운로드 : [링크]

대학규정 - 제 6편 부속기관 - KAU 로봇연구센터 규정
PDF 다운로드 : [링크]

대학규정 - 제 6편 부속기관 - 경기 미니테크노파크 지역특화사업센터 규정
PDF 다운로드 : [링크]

대학규정 - 제 6편 부속기관 - 항공교통관제교육원 정규과정 운영세칙
PDF 다운로드 : [링크]

대학규정 - 제 6편 부속기관 - 국제문화원 규정 시행세칙
PDF 다운로드 : [링크]

대학규정 - 제 6편 부속기관 - 첨단 무인기 연구센터 규정
PDF 다운로드 : [링크]

대학규정 - 제 6편 부속기관 - 국방광역감시 특화연구센터 규정
PDF 다운로드 : [링크]

대학규정 - 제 6편 부속기관 - 항공우주정책연구소 규정
PDF 다운로드 : [링크]

대학규정 - 제 6편 부속기관 - 항공체계시험인증연구센터 규정
PDF 다운로드 : [링크]

대학규정 - 제 6편 부속기관 - 부속연구기관 설립 및 운영 지침
PDF 다운로드 : [링크]

대학규정 - 제 6편 부속기관 - 창업지원센터 규정
PDF 다운로드 : [링크]

대학규정 - 제 6편 부속기관 - 공동기기센터 규정
PDF 다운로드 : [링크]

대학규정 - 제 6편 부속기관 - 기초교양교육원 규정
PDF 다운로드 : [링크]

대학규정 - 제 6편 부속기관 - 영어교육원 규정
PDF 다운로드 : [링크]

대학규정 - 제 6편 부속기관 - 학점은행제 운영에 관한 시행세칙
PDF 다운로드 : [링크]

대학규정 - 제 6편 부속기관 - 기념품관리 및 판매에 관한 내규
PDF 다운로드 : [링크]

대학규정 - 제 6편 부속기관 - Maker사업지원센터 규정
PDF 다운로드 : [링크]

대학규정 - 제 6편 부속기관 - 모의관제장비 운영 규정
PDF 다운로드 : [링크]

대학규정 - 제 6편 부속기관 - 미래교육혁신원 규정
PDF 다운로드 : [링크]

대학규정 - 제 6편 부속기관 - 국제교류원 운영 규정
PDF 다운로드 : [링크]

대학규정 - 제 6편 부속기관 - 항공기술교육원 교육평가 규정
PDF 다운로드 : [링크]

대학규정 - 제 6편 부속기관 - 미래항공모빌리티기술센터 규정
PDF 다운로드 : [링크]

대학규정 - 제 6편 부속기관 - 인권센터 규정
PDF 다운로드 : [링크]

대학규정:
제 7편 위원회:
- 교무위원회 규정
- 교원업적평가위원회 규정
- 정보화 추진위원회 규정
- 대학원 학·연협동 석·박사 과정운영위원회 규정
- 한국항공대학교와 한국전자통신연구소의 학·연협동과정 운영위원회 규정
- 대학입학전형관리위원회 규정
- 건설추진위원회 규정
- 조종실기교수 인사위원회 규정
- 노사협의회 운영 규정
- 대학평의원회 운영규정
- 재입학심의위원회규정
- 입학공정관리위원회 규정
- 학생지도위원회 규정
- 장학위원회 규정
- 기금운용심의회 규정
- 학위검증위원회 규정
- 대학발전위원회 규정
- 연구장비심의위원회 규정
- 등록금심의위원회 규정
- 대입전형 선행학습 자체영향평가위원회 운영 규정
- 미래전략위원회 규정
- 교원임용추천위원회 내규
- 개인정보보호위원회 규정
- 입학사정관 운영위원회규정
- 졸업사정위원회 규정
- 교육품질혁신위원회 규정
- 취·창업 운영위원회 규정
- KAU 상담지원 위원회 규정
- KAU 소통위원회 운영 규정

대학규정 - 제 8편 기타 - 제 1장 기타 - 상조회 회칙
PDF 다운로드 : [링크]

대학규정 - 제 8편 기타 - 제 1장 기타 - 교직원상조회 경조 보조금 지급 및 대여 등에 관한 규정
PDF 다운로드 : [링크]

대학규정 - 제 8편 기타 - 제 1장 기타 - 총동창회 회칙
PDF 다운로드 : [링크]

대학규정 - 제 8편 기타 - 제 1장 기타 - 총동창회 운영세칙
PDF 다운로드 : [링크]

대학규정 - 제 8편 기타 - 제 1장 기타 - 대학발전기금조성 운영규정
PDF 다운로드 : [링크]

대학규정 - 제 8편 기타 - 제 1장 기타 - 대학 자체평가 규정
PDF 다운로드 : [링크]

대학규정 - 제 8편 기타 - 제 1장 기타 - 항공대 학군단 운영예규
PDF 다운로드 : [링크]

대학규정 - 제 8편 기타 - 제 1장 기타 - 학사구조개편에 관한 규정
PDF 다운로드 : [링크]

문의 : 기획홍보팀/최세미
전화번호 : 02-300-0049
E-mail : semi@kau.ac.kr",https://kau.ac.kr/web/pages/gc8314h.do,
43,UI 및 상징,"개교70주년 기념 UI
커뮤니케이션 로고
UI
캐릭터
상징

심볼

다운로드

70주년 UI는 교색인 군청색과 항공우주특성화대학을 뜻하는 하늘색을 기본 색상으로 하여, 교조인 송골매가 한국항공대의 무한한 발전을 상징하듯 원을 그리는 형태를 보이고 있다. 송골매는 개척자의 정신으로 도전하는 인재를 상징한다.

Signature (70주년 UI 시그니처)

Emblem (70주년 UI 엠블럼)

UI 응용형

※ UI를 허가 없이 상업적 목적으로 이용하는 행위는 법률에 저촉되며, UI의 색상, 비율 등 각 요소는 임의로 변형할 수 없습니다.

엠블럼

한국항공대학교의 심볼은 교색인 군청색을 기본으로, 교조인 송골매가 하늘과 우주로 힘차게 비상하는 모습을 그리고 있습니다. 학교의 국문명과 영문명이 원을 둘레로 각각 새겨져 있으며. 송골매 옆에는 ‘항대(航大)’라는 한문명이 들어가 있습니다.

설립년도인 1952년은 한국항공대의 오랜 역사와 전통을 상징하는 것으로, 새로운 시대의 역사적 소임을 다할 능력 있는 인재를 양성한다는 건학이념을 굳건히 계승하겠다는 강한 의지를 나타냅니다.

엠블럼 기본형

엠블럼 기본형 다운로드

엠블럼 색상활용형

엠블럼 색상활용형 다운로드

엠블럼 좌우조합형

엠블럼 좌우조합형 다운로드

엠블럼 상하조합형

엠블럼 상하조합형 다운로드

엠블럼 지정 색상

※ UI를 허가 없이 상업적 목적으로 이용하는 행위는 법률에 저촉되며, UI의 색상, 비율 등 각 요소는 임의로 변형할 수 없습니다.

교색(校色)
군청색(Cobalt)
선명한 푸른색은 높고 넓은 하늘을 향한 이상을 뜻합니다. 또한 정직과 청결함의 상징으로 상호간의 믿음을 의미하기도 합니다. 군청색이 상징하는 이러한 맑은 정신을 후세까지 계승하고자 합니다.

교목(校木)
소나무(Pine Tree)
소나무는 천년이 지나도록 사계절 푸름을 간직하는 나무로, 무수한 고통 속에서도 굳건히 자라나는 기백을 상징합니다. 또한 인간에게 여러모로 도움이 되는 유익한 재료이기도 합니다. 소나무의 이런 굳건함을 본받고자 합니다.

교조(校鳥)
송골매(Peregrine Falcon)
송골매는 매 중의 매로서 한 치의 흐트러짐도 없는 예리한 순발력으로 하늘을 향해 비상해 올랐다가 지구를 하나로 내려다봅니다. 학문과 창의를 무한히 넓히고자 하는 우리의 의지를 보여주는 새입니다.

교화(校花)
라일락(Lilac)
라일락은 땅의 높고 낮음을 가리지 않고 자라며 추위를 잘 타지 않습니다. 또 그 향취와 아름다움이 뛰어나 모든 사람의 사랑을 받습니다. 라일락이 보여주는 근면, 강건, 사랑의 마음을 본받아 단결하고 화합하고자 합니다.

교가(校歌)
제2·4·7·8대 송효경 학장이 작사한 한국항공대학교의 교가입니다.
교가 MP3 DownLoad

워드마크

다운로드

한국항공대학교(Korea Aerospace University)의 영문 약자인 ‘KAU’를 필기체로 쓴 워드마크입니다. 하나의 선으로 이어진 글자들은 산․학․연의 자유로운 연계와 무한한 확장성을 표현한 것입니다. 비상하듯이 위로 향하는 라인과 신뢰감을 주는 네이비 컬러는 한국항공대학교의 정체성을 상징합니다.

워드마크 사용규정

로고타입

다운로드

로고타입 사용규정

시그니처

다운로드

시그니처 사용규정

시그니처 상하조합형

다운로드

시그니처 좌우조합형

다운로드

전용색상

색상활용

캐릭터

한국항공대학교의 상징인 송골매가조종사가 연상되는 복장을 입고 있는 메인캐릭터 ‘마하(MAHA)’와 우주인 복장의 서브캐릭터 ‘마일(MILE)’, 비행기 모양의 서브캐릭터 ‘피트(FEET)’입니다.

캐릭터 사용규정(마하(MAHA))

캐릭터 사용규정(마일(MILE))

캐릭터 사용규정(피트(FEET))

문의 : 기획홍보팀/최세미
전화번호 : 02-300-0049
E-mail : semi@kau.ac.kr",https://kau.ac.kr/web/pages/gc60434h.do,
44,총장 소개,"인사말
약력

1952년 개교한 한국항공대학교는 국내 항공우주과학을 선도하는 대학으로서 지난 70년 동안 항공우주분야의 전문인력을 양성한다는 사명감으로 특성화의 길을 걸어왔습니다.

항공과 우주는 바로 세계와 미래를 뜻하는 것으로 한국항공대학교는 국제화와 미래기술을 지향하는 대학입니다.
나로호 발사 성공 등 우리나라 항공우주산업이 선진국 수준으로 발전을 거듭하고, 세계 6위의 항공운송강국으로 성장할 수 있었던 것은 개교 이후 지금까지 항공우주 관련 분야에서 인재를 양성하고 연구해 온 우리 대학의 역할이 컷다고 자부하는 바입니다.

항공우주 관련분야에서 국내를 넘어 세계 유일의 종합대학

한국항공대학교의 교육과정은 항공기와 우주구조물의 제작과 설계 등의 첨단공학분야에서부터 운항, 관제, 정비, 공항관리, 항공교통물류, 경영 등의 분야를 망라하고 있으며, GE, Airbus, Boeing, Lockheed Martin과 같은 유수의 글로벌 기업과 공동 연구 및 참여형 프로그램 등 항공우주 관련 분야에서 국내를 넘어 세계 유일의 종합대학으로 발돋음하고 있습니다.

미래산업에 대비하는 선진 과학기술대학

항공우주산업 발전의 전방에서 우리 한국항공대학교는 드론을 동원한 무인기, 위성, 발사체 등 항공우주 분야와 자율주행, AI 등 미래기술 분야의 교육과 연구에 집중하며 미래산업을 준비하고 있으며, 최고나 최초라는 지난 화려한 업적에 안주하지 않고 전공 간의 경계를 허물어 빠르게 진화하여 지식사회에 유연하게 대처하는 인재양성의 선진 과학기술대학으로 거듭나고 있습니다.
세계를 향한, 미래를 향한 도전을 원하신다면, 여러분의 한국항공대학교 방문을 환영합니다.

총장

허희영(許喜寧) 한국항공대학교 제9대 총장

학력

1976.3~1980.2한국항공대학교 학사
1980.3~1985.2서울대학교 경영학 석사
1987.3~1994.2서울대학교 경영학 박사

경력(학술활동)

2000.7~2001.6미국 메사추세츠주립대학(UMass)객원교수
2003.11~2005.12한국항공경영학회 초대회장
2014.1~2015.12동중앙아시아경상학회 회장

경력(대외활동)

2008.5~2019.9인천국제공항공사 재무리스크관리위원회 위원
2011.2~2013.12기획재정부 공공기관 경영평가단 위원
2012.5~2021.12한국문화예술위원회 자산운용 평가위원
2013.6~2014.5국토교통부 자체평가위원회 위원
2013.9~2016.9우체국 공익재단 이사
2014.4~2016.4인천국제공항공사 허브화전략 자문위원
2017.1~2021.12방송통신발전기금 자산운용 성과평가위원
2017.1~2021.12정보통신진흥기금 자산운용 성과평가위원
2018.3~2021.12한국노동복지센터 감사
2019.8~2021.8행복한 강원도위원회 제4기 위원장
2020.2~2021.12국민연금공단 수탁자책임전문위원
2020.3~2021.12중소벤처기업진흥공단 투자금융사업 심사위원
2020.4~2021.12국회도서관 외국법률자문단 위원
2021.3~2021.12세계한인무역인협회 국제통상연구원 자문위원장

경력(교내활동)

1996.8~2000.8학생처장
1996.8~2000.8학생생활연구소장
2007.3~2010.12항공경영대학원장
2007.4~2010.12항공경영대학장
2014.10~2021.12항공우주정책연구소장

주요저서

1990English for Airlines(공저), 은익출판사
1994중국의 민간항공(공저), 항공대 출판부
1996보잉‧에어버스, 길벗출판사
1997항공산업론(공저), 항공대 출판부
2000항공영어(공저), 명경사
2002항공경영학, 명경사
2006기업공시제도(공저), 서울대 출판부
2009항공관광업무론(공저), 명경사
2016항공서비스원론, 북넷
2016항공우주산업, 북넷
2018항공운송산업론, 북넷
2021서비스경영, 북넷
2021경영학원론(공저), 북넷",https://kau.ac.kr/web/pages/gc30058h.do,
45,역대 총장,"7, 8대 총장이강웅 박사
7대 : 2014.01.01 ~ 2017.12.31
8대 : 2018.01.01 ~ 2021.12.31

5, 6대 총장여준구 박사
5대 : 2006.11.01 ~ 2010.10.31
6대 : 2010.11.01 ~ 2013.07.15

3, 4대 총장홍순길 박사
3대 : 2000.08.08 ~ 2004.08.07
4대 : 2004.08.08 ~ 2006.04.26

2대 총장박오화 박사
1996.08.08 ~ 2000.08.07

1대 총장이형재 박사
1993.03.01 ~ 1996.08.07

13대 학장김향욱 박사
1989.10.13 ~ 1993.02.28

12대 학장김재환 교수
1985.11.11 ~ 1989.10.12

10, 11대 학장한만운 박사
10대 : 1979.03.05 ~ 1983.02.28
11대 : 1983.03.01 ~ 1985.11.10

9대 학장송희철 선생
1978.09.05 ~ 1979.03.04

5, 6대 학장김석환 선생
5대 : 1969.02.27 ~ 1973.02.26
6대 : 1973.02.27 ~ 1973.08.24

3대 학장김노수 선생
1960.05.16 ~ 1962.07.05

2, 4, 7, 8대 학장송효경 선생
2대 : 1954.01.25 ~ 1960.05.15
4대 : 1962.07.06 ~ 1969.02.26
7대 : 1973.08.25 ~ 1977.08.24
8대 : 1977.08.25 ~ 1978.09.04

초대 교장김윤기 선생
1953.02.01 ~ 1954.01.24",https://kau.ac.kr/web/pages/gc36597h.do,