질문,실제원본정보,검색한정보
Who is eligible to apply for a double major?,https://kau.ac.kr/web/pages/gc95047h.do,https://kau.ac.kr/web/pages/gc95047h.do
When is the application period for a double major?,https://kau.ac.kr/web/pages/gc95047h.do,https://kau.ac.kr/web/pages/gc95047h.do
What are the procedures and methods for applying for a double major?,https://kau.ac.kr/web/pages/gc95047h.do,https://kau.ac.kr/web/pages/gc95047h.do
What are the credits required for a double major?,https://kau.ac.kr/web/pages/gc95047h.do,https://kau.ac.kr/web/pages/gc95047h.do
What are the forms for a double major?,https://kau.ac.kr/web/pages/gc95047h.do,https://kau.ac.kr/web/pages/gc95047h.do
When can I change or cancel my double major?,https://kau.ac.kr/web/pages/gc95047h.do,https://kau.ac.kr/web/pages/gc95047h.do
Are double major courses completed before applying for a double major recognized?,https://kau.ac.kr/web/pages/gc95047h.do,https://kau.ac.kr/web/pages/gc95047h.do
Who can apply for a minor?,https://kau.ac.kr/web/pages/gc81492h.do,https://kau.ac.kr/web/pages/gc81492h.do
When is the minor application period?,https://kau.ac.kr/web/pages/gc81492h.do,https://kau.ac.kr/web/pages/gc81492h.do
What are the procedures and methods for applying for a minor?,https://kau.ac.kr/web/pages/gc81492h.do,https://kau.ac.kr/web/pages/gc81492h.do
What are the credits required for a minor?,https://kau.ac.kr/web/pages/gc81492h.do,https://kau.ac.kr/web/pages/gc81492h.do
What are the forms for minors?,https://kau.ac.kr/web/pages/gc81492h.do,https://kau.ac.kr/web/pages/gc81492h.do
When can I change or cancel my minor?,https://kau.ac.kr/web/pages/gc81492h.do,https://kau.ac.kr/web/pages/gc81492h.do
Are double major courses completed before applying for a minor recognized?,https://kau.ac.kr/web/pages/gc81492h.do,https://kau.ac.kr/web/pages/gc95047h.do
Who is eligible to apply for a criminal record?,https://kau.ac.kr/web/pages/gc45400h.do,https://kau.ac.kr/web/pages/gc45400h.do
When is the application period for criminal change?,https://kau.ac.kr/web/pages/gc45400h.do,https://kau.ac.kr/web/pages/gc45400h.do
What documents do I need to submit to apply for a criminal change?,https://kau.ac.kr/web/pages/gc45400h.do,https://kau.ac.kr/web/pages/gc45400h.do
What is the procedure for applying for a criminal transfer?,https://kau.ac.kr/web/pages/gc45400h.do,https://kau.ac.kr/web/pages/gc45400h.do
How do I obtain a criminal record application form?,https://kau.ac.kr/web/pages/gc45400h.do,https://kau.ac.kr/web/pages/gc45400h.do
"Where should I inquire about applying for a criminal record?""",https://kau.ac.kr/web/pages/gc45400h.do,https://kau.ac.kr/web/pages/gc45400h.do
What is a combined bachelor’s and master’s degree program?,https://kau.ac.kr/web/pages/gc51173h.do,https://kau.ac.kr/web/pages/gc51173h.do
What are the selection and admission procedures for the combined bachelor's and master's degree programs?,https://kau.ac.kr/web/pages/gc51173h.do,https://kau.ac.kr/web/pages/gc51173h.do
What are the admission application and selection conditions for the combined bachelor’s and master’s degree program?,https://kau.ac.kr/web/pages/gc51173h.do,https://kau.ac.kr/web/pages/gc51173h.do
What are the undergraduate graduation requirements?,https://kau.ac.kr/web/pages/gc51173h.do,http://college.kau.ac.kr/web/pages/gc87373h.do
What are the requirements for canceling a combined bachelor's and master's program?,https://kau.ac.kr/web/pages/gc51173h.do,https://kau.ac.kr/web/pages/gc51173h.do
What is the schedule for January of the first semester?,https://kau.ac.kr/web/pages/gc74039h.do,https://kau.ac.kr/web/pages/gc74039h.do
What is the schedule for February of the first semester?,https://kau.ac.kr/web/pages/gc74039h.do,https://kau.ac.kr/web/pages/gc74039h.do
What is the schedule for March of the first semester?,https://kau.ac.kr/web/pages/gc74039h.do,https://kau.ac.kr/web/pages/gc74039h.do
What is the schedule for April of the first semester?,https://kau.ac.kr/web/pages/gc74039h.do,https://kau.ac.kr/web/pages/gc74039h.do
What is the schedule for May of the first semester?,https://kau.ac.kr/web/pages/gc74039h.do,https://kau.ac.kr/web/pages/gc74039h.do
What is the schedule for June of the first semester?,https://kau.ac.kr/web/pages/gc74039h.do,https://kau.ac.kr/web/pages/gc74039h.do
What is the schedule for July of the first semester?,https://kau.ac.kr/web/pages/gc74039h.do,https://kau.ac.kr/web/pages/gc74039h.do
What is my second semester schedule?,https://kau.ac.kr/web/pages/gc74039h.do,https://kau.ac.kr/web/pages/gc74039h.do
What is the 24-year schedule?,https://kau.ac.kr/web/pages/gc74039h.do,https://kau.ac.kr/web/pages/gc74039h.do
What is the purpose of course guidance counseling?,https://kau.ac.kr/web/pages/gc6309h.do,https://kau.ac.kr/web/pages/gc6309h.do
Who is the course guidance consultation for?,https://kau.ac.kr/web/pages/gc6309h.do,https://kau.ac.kr/web/pages/gc6309h.do
How is the course guidance consultation conducted?,https://kau.ac.kr/web/pages/gc6309h.do,https://kau.ac.kr/web/pages/gc6309h.do
What subjects are subject to course guidance counseling?,https://kau.ac.kr/web/pages/gc6309h.do,https://kau.ac.kr/web/pages/gc6309h.do
What happens if I do not complete the course guidance consultation?,https://kau.ac.kr/web/pages/gc6309h.do,https://kau.ac.kr/web/pages/gc6309h.do
Who is the counseling for those with sexual warnings?,https://kau.ac.kr/web/pages/gc6309h.do,https://kau.ac.kr/web/pages/gc6309h.do
How is counseling for those with sexual warnings provided?,https://kau.ac.kr/web/pages/gc6309h.do,https://kau.ac.kr/web/pages/gc6309h.do
What happens if I don’t complete Sexual Warning Counseling?,https://kau.ac.kr/web/pages/gc6309h.do,https://kau.ac.kr/web/pages/gc6309h.do
What are the retake requirements?,https://kau.ac.kr/web/pages/gc61422h.do,https://kau.ac.kr/web/pages/gc61422h.do
What are the restrictions on retaking a course?,https://kau.ac.kr/web/pages/gc61422h.do,https://kau.ac.kr/web/pages/gc61422h.do
How do I handle retake grades?,https://kau.ac.kr/web/pages/gc61422h.do,https://kau.ac.kr/web/pages/gc61422h.do
How do I check for alternative subjects to retake?,https://kau.ac.kr/web/pages/gc61422h.do,https://kau.ac.kr/web/pages/gc61422h.do
What are the criteria for class cancellation?,https://kau.ac.kr/web/pages/gc84448h.do,https://kau.ac.kr/web/pages/gc84448h.do
What are the steps involved in the closing process?,https://kau.ac.kr/web/pages/gc84448h.do,https://kau.ac.kr/web/pages/gc84448h.do
“When will the announcement of the expected course closures be made?”,https://kau.ac.kr/web/pages/gc84448h.do,https://kau.ac.kr/web/pages/gc84448h.do
What are the liberal arts credits for the class of 2023?,https://kau.ac.kr/web/pages/gc15707h.do,https://kau.ac.kr/web/pages/gc86720h.do
What are the liberal arts credits required for the class of 2022?,https://kau.ac.kr/web/pages/gc15707h.do,https://kau.ac.kr/web/pages/gc86720h.do
What are the liberal arts credits required for the class of 2021?,https://kau.ac.kr/web/pages/gc15707h.do,https://kau.ac.kr/web/pages/gc86720h.do
What are the liberal arts credits for the class of 2020?,https://kau.ac.kr/web/pages/gc15707h.do,https://kau.ac.kr/web/pages/gc86720h.do
What are the liberal arts credits for the 2018-2019 school year?,https://kau.ac.kr/web/pages/gc15707h.do,https://kau.ac.kr/web/pages/gc86720h.do
What are the liberal arts credits for the 2013-2017 school year?,https://kau.ac.kr/web/pages/gc15707h.do,https://kau.ac.kr/web/pages/gc86720h.do
What are the liberal arts credits for each department for the class of 2023?,https://kau.ac.kr/web/pages/gc15707h.do,https://kau.ac.kr/web/pages/gc86720h.do
What are the general education credits for each department for the class of 2022?,https://kau.ac.kr/web/pages/gc15707h.do,https://kau.ac.kr/web/pages/gc86720h.do
What are the liberal arts credits for each department for the class of 2021?,https://kau.ac.kr/web/pages/gc15707h.do,https://kau.ac.kr/web/pages/gc86720h.do
What are the general education credits for each department for the class of 2020?,https://kau.ac.kr/web/pages/gc15707h.do,http://college.kau.ac.kr/web/pages/gc87373h.do
What are the liberal arts credits for each department for the 2018-2019 school year?,https://kau.ac.kr/web/pages/gc15707h.do,https://kau.ac.kr/web/pages/gc86720h.do
“What are the liberal arts credits for each department for the 2013-2017 school year?”,https://kau.ac.kr/web/pages/gc15707h.do,https://kau.ac.kr/web/pages/gc86720h.do
How do I complete the community service course?,https://kau.ac.kr/web/pages/gc18564h.do,https://kau.ac.kr/web/pages/gc18564h.do
How are social service courses operated?,https://kau.ac.kr/web/pages/gc18564h.do,https://kau.ac.kr/web/pages/gc18564h.do
What is the recognition period for community service activities?,https://kau.ac.kr/web/pages/gc18564h.do,https://kau.ac.kr/web/pages/gc18564h.do
What is the scope of recognition as a social volunteer activity organization?,https://kau.ac.kr/web/pages/gc18564h.do,https://kau.ac.kr/web/pages/gc18564h.do
What is the scope of non-recognition of community service activities?,https://kau.ac.kr/web/pages/gc18564h.do,https://kau.ac.kr/web/pages/gc18564h.do
What are the documents to be submitted for community service subjects?,https://kau.ac.kr/web/pages/gc18564h.do,https://kau.ac.kr/web/pages/gc18564h.do
“What are the precautions for the community service activity confirmation?”,https://kau.ac.kr/web/pages/gc18564h.do,https://kau.ac.kr/web/pages/gc18564h.do
What is the purpose of course evaluation?,https://kau.ac.kr/web/pages/gc21891h.do,https://kau.ac.kr/web/pages/gc21891h.do
When is the course evaluation period?,https://kau.ac.kr/web/pages/gc21891h.do,https://kau.ac.kr/web/pages/gc21891h.do
What courses are subject to course evaluation?,https://kau.ac.kr/web/pages/gc21891h.do,https://kau.ac.kr/web/pages/gc21891h.do
How to evaluate lectures?,https://kau.ac.kr/web/pages/gc21891h.do,https://kau.ac.kr/web/pages/gc21891h.do
How do I check the course evaluation results?,https://kau.ac.kr/web/pages/gc21891h.do,https://kau.ac.kr/web/pages/gc21891h.do
What are the notes for course evaluation?,https://kau.ac.kr/web/pages/gc21891h.do,https://kau.ac.kr/web/pages/gc21891h.do
What types of leave of absence are there?,https://kau.ac.kr/web/pages/gc86171h.do,https://kau.ac.kr/web/pages/gc86171h.do
When is the application period for leave of absence?,https://kau.ac.kr/web/pages/gc86171h.do,https://kau.ac.kr/web/pages/gc86171h.do
How do I apply for a leave of absence?,https://kau.ac.kr/web/pages/gc86171h.do,https://kau.ac.kr/web/pages/gc86171h.do
How do I confirm approval for leave of absence?,https://kau.ac.kr/web/pages/gc86171h.do,https://kau.ac.kr/web/pages/gc86171h.do
What are the criteria for tuition refund?,https://kau.ac.kr/web/pages/gc86171h.do,https://kau.ac.kr/web/pages/gc63682h.do
What types of return to school are there?,https://kau.ac.kr/web/pages/gc86171h.do,https://kau.ac.kr/web/pages/gc86171h.do
When is the application period for reinstatement?,https://kau.ac.kr/web/pages/gc86171h.do,https://kau.ac.kr/web/pages/gc63682h.do
How do I apply for reinstatement?,https://kau.ac.kr/web/pages/gc86171h.do,https://kau.ac.kr/web/pages/gc63682h.do
How do I confirm approval for reinstatement?,https://kau.ac.kr/web/pages/gc86171h.do,https://kau.ac.kr/web/pages/gc1021h.do
Who is eligible to apply for a repeat semester?,https://kau.ac.kr/web/pages/gc1021h.do,https://kau.ac.kr/web/pages/gc1021h.do
What is the period and method for applying for a repeat semester?,https://kau.ac.kr/web/pages/gc1021h.do,https://kau.ac.kr/web/pages/gc1021h.do
"What documents do I need to submit to apply for a repeat semester, and where do I submit them?",https://kau.ac.kr/web/pages/gc1021h.do,https://kau.ac.kr/web/pages/gc1021h.do
What should applicants for repeat semesters take into account?,https://kau.ac.kr/web/pages/gc1021h.do,https://kau.ac.kr/web/pages/gc1021h.do
How are repeat courses processed for the semester in which I applied for a repeat semester?,https://kau.ac.kr/web/pages/gc1021h.do,https://kau.ac.kr/web/pages/gc1021h.do
Where can I obtain the form related to applying for a repeat semester?,https://kau.ac.kr/web/pages/gc1021h.do,https://kau.ac.kr/web/pages/gc1021h.do
Who is eligible to apply for early graduation?,https://kau.ac.kr/web/pages/gc78248h.do,https://kau.ac.kr/web/pages/gc78248h.do
When is the application period for early graduation?,https://kau.ac.kr/web/pages/gc78248h.do,https://kau.ac.kr/web/pages/gc78248h.do
What is the process for applying for early graduation?,https://kau.ac.kr/web/pages/gc78248h.do,https://kau.ac.kr/web/pages/gc78248h.do
What are the requirements for early graduation?,https://kau.ac.kr/web/pages/gc78248h.do,https://kau.ac.kr/web/pages/gc78248h.do
How do I fill out the form related to a double major when applying for early graduation?,https://kau.ac.kr/web/pages/gc78248h.do,https://kau.ac.kr/web/pages/gc95047h.do
Who is eligible to apply for readmission?,https://kau.ac.kr/web/pages/gc63682h.do,https://kau.ac.kr/web/pages/gc63682h.do
When is the application period for readmission?,https://kau.ac.kr/web/pages/gc63682h.do,https://kau.ac.kr/web/pages/gc63682h.do
What documents do I need to submit to apply for readmission?,https://kau.ac.kr/web/pages/gc63682h.do,https://kau.ac.kr/web/pages/gc63682h.do
What is the readmission process?,https://kau.ac.kr/web/pages/gc63682h.do,https://kau.ac.kr/web/pages/gc63682h.do
How is the semester for readmission determined?,https://kau.ac.kr/web/pages/gc63682h.do,https://kau.ac.kr/web/pages/gc63682h.do
Who is subject to expulsion?,https://kau.ac.kr/web/pages/gc63682h.do,https://kau.ac.kr/web/pages/gc63682h.do
What is the withdrawal application process?,https://kau.ac.kr/web/pages/gc63682h.do,https://kau.ac.kr/web/pages/gc63682h.do
How is tuition refund processed in case of withdrawal?,https://kau.ac.kr/web/pages/gc63682h.do,https://kau.ac.kr/web/pages/gc63682h.do
What documents do I need to submit to apply for withdrawal?,https://kau.ac.kr/web/pages/gc63682h.do,https://kau.ac.kr/web/pages/gc86171h.do
Who is subject to graduation evaluation?,https://kau.ac.kr/web/pages/gc86720h.do,https://kau.ac.kr/web/pages/gc86720h.do
What are the credits required for graduation?,https://kau.ac.kr/web/pages/gc86720h.do,https://kau.ac.kr/web/pages/gc86720h.do
Please tell us about completing the liberal arts course in each area.,https://kau.ac.kr/web/pages/gc86720h.do,https://kau.ac.kr/web/pages/gc86720h.do
Are there any requirements regarding course completion?,https://kau.ac.kr/web/pages/gc86720h.do,https://kau.ac.kr/web/pages/gc86720h.do
What is the Engineering Education Certification Program?,https://kau.ac.kr/web/pages/gc86720h.do,http://college.kau.ac.kr/web/pages/gc75909h.do
Please tell us about early graduation.,https://kau.ac.kr/web/pages/gc86720h.do,https://kau.ac.kr/web/pages/gc78248h.do
Please tell us about the completion system.,https://kau.ac.kr/web/pages/gc86720h.do,https://kau.ac.kr/web/pages/gc81492h.do
What is the graduation period after completion?,https://kau.ac.kr/web/pages/gc86720h.do,https://kau.ac.kr/web/pages/gc78248h.do
What are the requirements for obtaining the Graduation Certification System?,https://kau.ac.kr/web/pages/gc40674h.do,https://kau.ac.kr/web/pages/gc78248h.do
What is the certification process for the Graduation Certification System?,https://kau.ac.kr/web/pages/gc40674h.do,https://kau.ac.kr/web/pages/gc78248h.do
What are the criteria for obtaining an official English proficiency score?,https://kau.ac.kr/web/pages/gc40674h.do,https://kau.ac.kr/web/pages/gc45400h.do
What are the graduation certification fields and detailed certification scope?,https://kau.ac.kr/web/pages/gc40674h.do,https://kau.ac.kr/web/pages/gc86720h.do
What is the scope of certification for ethical character competency certification?,https://kau.ac.kr/web/pages/gc40674h.do,http://college.kau.ac.kr/web/pages/gc72769h.do
What is the detailed certification scope of ethical character competency certification?,https://kau.ac.kr/web/pages/gc40674h.do,http://college.kau.ac.kr/web/pages/gc72769h.do
Is Global Communication Competency Certification a required certification field?,https://kau.ac.kr/web/pages/gc40674h.do,http://college.kau.ac.kr/web/pages/gc9018h.do
When is the registration period?,https://kau.ac.kr/web/pages/gc29385h.do,https://kau.ac.kr/web/pages/gc74039h.do
Where can I register?,https://kau.ac.kr/web/pages/gc29385h.do,https://kau.ac.kr/web/pages/gc18564h.do
How do I register?,https://kau.ac.kr/web/pages/gc29385h.do,https://kau.ac.kr/web/pages/gc18564h.do
How can I check my tuition after paying it?,https://kau.ac.kr/web/pages/gc29385h.do,https://kau.ac.kr/web/pages/gc1021h.do
Where should I inquire about tuition?,https://kau.ac.kr/web/pages/gc29385h.do,https://kau.ac.kr/web/pages/gc1021h.do
Please tell us about research registration.,https://kau.ac.kr/web/pages/gc29385h.do,https://kau.ac.kr/web/pages/gc18564h.do
How do I print the tuition receipt after paying tuition?,https://kau.ac.kr/web/pages/gc29385h.do,https://kau.ac.kr/web/pages/gc1021h.do
Where should I go for inquiries regarding tuition payment?,https://kau.ac.kr/web/pages/gc29385h.do,https://kau.ac.kr/web/pages/gc1021h.do
Where is the finance team's contact information?,https://kau.ac.kr/web/pages/gc29385h.do,http://college.kau.ac.kr/web/pages/gc61816h.do
When is the registration period?,https://kau.ac.kr/web/pages/gc34817h.do,https://kau.ac.kr/web/pages/gc74039h.do
Where can I register?,https://kau.ac.kr/web/pages/gc34817h.do,https://kau.ac.kr/web/pages/gc18564h.do
How do I register?,https://kau.ac.kr/web/pages/gc34817h.do,https://kau.ac.kr/web/pages/gc18564h.do
What are the criteria for calculating tuition?,https://kau.ac.kr/web/pages/gc34817h.do,https://kau.ac.kr/web/pages/gc78248h.do
How do I confirm my registration after paying the tuition?,https://kau.ac.kr/web/pages/gc34817h.do,https://kau.ac.kr/web/pages/gc1021h.do
What should I do if I want a refund after paying tuition?,https://kau.ac.kr/web/pages/gc34817h.do,https://kau.ac.kr/web/pages/gc1021h.do
Where can I inquire about tuition?,https://kau.ac.kr/web/pages/gc34817h.do,https://kau.ac.kr/web/pages/gc1021h.do
Who is eligible to apply for installment collection of tuition?,https://kau.ac.kr/web/pages/gc3720h.do,https://kau.ac.kr/web/pages/gc1021h.do
When is the application period for tuition installment collection?,https://kau.ac.kr/web/pages/gc3720h.do,https://kau.ac.kr/web/pages/gc74039h.do
How do I apply for installment collection of tuition?,https://kau.ac.kr/web/pages/gc3720h.do,https://kau.ac.kr/web/pages/gc1021h.do
How do I pay tuition?,https://kau.ac.kr/web/pages/gc3720h.do,https://kau.ac.kr/web/pages/gc1021h.do
What should I keep in mind when applying for installment collection of tuition?,https://kau.ac.kr/web/pages/gc3720h.do,https://kau.ac.kr/web/pages/gc1021h.do
Where should I inquire about applying for installment collection of tuition?,https://kau.ac.kr/web/pages/gc3720h.do,https://kau.ac.kr/web/pages/gc1021h.do
What is the refund amount if I drop out or take a leave of absence according to the tuition refund criteria?,https://kau.ac.kr/web/pages/gc1463h.do,https://kau.ac.kr/web/pages/gc86171h.do
"According to the tuition refund standard, what is the refund amount if I withdraw or take a leave of absence within 30 days from the start of the semester?",https://kau.ac.kr/web/pages/gc1463h.do,https://kau.ac.kr/web/pages/gc86171h.do
"According to the tuition refund standard, what is the refund amount if I withdraw or take a leave of absence 30 to 60 days after the start of the semester?",https://kau.ac.kr/web/pages/gc1463h.do,https://kau.ac.kr/web/pages/gc86171h.do
"According to the tuition refund standard, what is the refund amount if I withdraw or take a leave of absence 60 days to 90 days from the start of the semester?",https://kau.ac.kr/web/pages/gc1463h.do,https://kau.ac.kr/web/pages/gc86171h.do
"According to the tuition refund standard, what is the refund amount if I withdraw or take a leave of absence after 90 days from the start of the semester?",https://kau.ac.kr/web/pages/gc1463h.do,https://kau.ac.kr/web/pages/gc86171h.do
What are the criteria for tuition refund for students on leave of absence?,https://kau.ac.kr/web/pages/gc1463h.do,https://kau.ac.kr/web/pages/gc86171h.do
"For 2020 registrants, what are the tuition refund criteria?",https://kau.ac.kr/web/pages/gc1463h.do,https://kau.ac.kr/web/pages/gc1021h.do
"For students enrolled in the 2020 school year, what is the refund amount if they withdraw or take a leave of absence within 30 days from the start of the semester?",https://kau.ac.kr/web/pages/gc1463h.do,https://kau.ac.kr/web/pages/gc86171h.do
"For 2020 school year registrants, what is the refund amount if they withdraw or take a leave of absence from 30 days to 60 days from the start of the semester?",https://kau.ac.kr/web/pages/gc1463h.do,https://kau.ac.kr/web/pages/gc86171h.do
"For 2020 school year registrants, what is the refund amount if they withdraw or take a leave of absence 60 days to 90 days from the start of the semester?",https://kau.ac.kr/web/pages/gc1463h.do,https://kau.ac.kr/web/pages/gc86171h.do
"For students enrolled in the 2020 academic year, what is the refund amount if they withdraw or take a leave of absence 90 days after the start of the semester?",https://kau.ac.kr/web/pages/gc1463h.do,https://kau.ac.kr/web/pages/gc86171h.do
What are the criteria for tuition refund for students on leave of absence?,https://kau.ac.kr/web/pages/gc1463h.do,https://kau.ac.kr/web/pages/gc86171h.do
What types of certificates are issued?,https://kau.ac.kr/web/pages/gc62866h.do,https://kau.ac.kr/web/pages/gc45400h.do
How can a certificate of issuance be issued?,https://kau.ac.kr/web/pages/gc62866h.do,https://kau.ac.kr/web/pages/gc45400h.do
What types of certificates can be issued using an unmanned issuance machine?,https://kau.ac.kr/web/pages/gc62866h.do,http://college.kau.ac.kr/web/pages/gc75909h.do
What types of certificates can be issued through mail?,https://kau.ac.kr/web/pages/gc62866h.do,https://kau.ac.kr/web/pages/gc45400h.do
Where is the relevant department that issues each certificate located?,https://kau.ac.kr/web/pages/gc62866h.do,http://college.kau.ac.kr/web/pages/gc46927h.do
“Which department should I contact when inquiring about issuance?”,https://kau.ac.kr/web/pages/gc62866h.do,https://kau.ac.kr/web/pages/gc81492h.do
Who can apply to use the facility?,https://kau.ac.kr/web/pages/gc25111h.do,https://kau.ac.kr/web/pages/gc81492h.do
What are included in the facility use principles?,https://kau.ac.kr/web/pages/gc25111h.do,http://college.kau.ac.kr/web/pages/gc72769h.do
What facilities are available for reservation?,https://kau.ac.kr/web/pages/gc25111h.do,https://www.kau.ac.kr/web/pages/gc13087b.do
How do I apply for a facility reservation?,https://kau.ac.kr/web/pages/gc25111h.do,https://kau.ac.kr/web/pages/gc81492h.do
Where should I inquire about using the facility?,https://kau.ac.kr/web/pages/gc25111h.do,http://college.kau.ac.kr/web/pages/gc46927h.do
Who should outsiders contact if they want to use our facilities?,https://kau.ac.kr/web/pages/gc25111h.do,http://college.kau.ac.kr/web/pages/gc61816h.do
Where should I inquire about using night lighting facilities?,https://kau.ac.kr/web/pages/gc25111h.do,http://college.kau.ac.kr/web/pages/gc83710h.do
Who is responsible for safety accidents that occur while using the facility?,https://kau.ac.kr/web/pages/gc25111h.do,http://college.kau.ac.kr/web/pages/gc95911h.do
What procedures do I need to follow after terminating use of the facility?,https://kau.ac.kr/web/pages/gc25111h.do,https://kau.ac.kr/web/pages/gc63682h.do
Who is eligible for part-time work?,https://kau.ac.kr/web/pages/gc29040h.do,https://kau.ac.kr/web/pages/gc81492h.do
How do I apply for a part-time job?,https://kau.ac.kr/web/pages/gc29040h.do,https://kau.ac.kr/web/pages/gc81492h.do
Where can I apply for a part-time job?,https://kau.ac.kr/web/pages/gc29040h.do,https://kau.ac.kr/web/pages/gc81492h.do
Who is eligible to apply for a student ID card?,https://kau.ac.kr/web/pages/gc20177h.do,https://kau.ac.kr/web/pages/gc81492h.do
How do I apply for a student ID?,https://kau.ac.kr/web/pages/gc20177h.do,https://kau.ac.kr/web/pages/gc81492h.do
How long does it take to issue a student ID?,https://kau.ac.kr/web/pages/gc20177h.do,https://kau.ac.kr/web/pages/gc78248h.do
Where can I pick up my student ID?,https://kau.ac.kr/web/pages/gc20177h.do,https://kau.ac.kr/web/pages/gc63682h.do
How much does it cost to issue a student ID?,https://kau.ac.kr/web/pages/gc20177h.do,https://kau.ac.kr/web/pages/gc45400h.do
What is a mobile student ID (KAU ID)?,https://kau.ac.kr/web/pages/gc20177h.do,http://college.kau.ac.kr/web/pages/gc46927h.do
How do I install and download the mobile student ID (KAU ID)?,https://kau.ac.kr/web/pages/gc20177h.do,http://college.kau.ac.kr/web/pages/gc46927h.do
What should I do if I lose my student ID?,https://kau.ac.kr/web/pages/gc20177h.do,https://kau.ac.kr/web/pages/gc1021h.do
How do I remove my lost student ID card?,https://kau.ac.kr/web/pages/gc20177h.do,https://kau.ac.kr/web/pages/gc63682h.do
What functions does the Woori Bank International Student ID card provide?,https://kau.ac.kr/web/pages/gc20177h.do,https://kau.ac.kr/web/pages/gc81492h.do
What procedures do I need to go through to receive a Woori Bank international student card?,https://kau.ac.kr/web/pages/gc20177h.do,https://kau.ac.kr/web/pages/gc81492h.do
How much does it cost to issue a Woori Bank international student card?,https://kau.ac.kr/web/pages/gc20177h.do,https://kau.ac.kr/web/pages/gc78248h.do
How long does it take for Woori Bank to issue an international student card?,https://kau.ac.kr/web/pages/gc20177h.do,https://kau.ac.kr/web/pages/gc78248h.do
What documents are required to issue a student ID?,https://kau.ac.kr/web/pages/gc20177h.do,https://kau.ac.kr/web/pages/gc81492h.do
Where can I get a student ID card issued?,https://kau.ac.kr/web/pages/gc20177h.do,https://kau.ac.kr/web/pages/gc81492h.do
How much does it cost to issue a student ID?,https://kau.ac.kr/web/pages/gc20177h.do,https://kau.ac.kr/web/pages/gc45400h.do
How long does it take to issue a student ID?,https://kau.ac.kr/web/pages/gc20177h.do,https://kau.ac.kr/web/pages/gc78248h.do
What benefits does the Woori Bank International Student ID card provide?,https://kau.ac.kr/web/pages/gc20177h.do,http://college.kau.ac.kr/web/pages/gc81027h.do
What procedures do I need to go through to receive a Woori Bank international student card?,https://kau.ac.kr/web/pages/gc20177h.do,https://kau.ac.kr/web/pages/gc81492h.do
How much does it cost to issue a Woori Bank international student card?,https://kau.ac.kr/web/pages/gc20177h.do,https://kau.ac.kr/web/pages/gc78248h.do
How long does it take for Woori Bank to issue an international student card?,https://kau.ac.kr/web/pages/gc20177h.do,https://kau.ac.kr/web/pages/gc78248h.do
Who is eligible for insurance premium support?,https://kau.ac.kr/web/pages/gc12217h.do,https://kau.ac.kr/web/pages/gc1021h.do
Please tell us about insurance premium support.,https://kau.ac.kr/web/pages/gc12217h.do,https://kau.ac.kr/web/pages/gc1021h.do
How do I claim insurance?,https://kau.ac.kr/web/pages/gc12217h.do,https://kau.ac.kr/web/pages/gc1021h.do
Please let me know about alternative documents when claiming insurance premiums.,https://kau.ac.kr/web/pages/gc12217h.do,https://kau.ac.kr/web/pages/gc86171h.do
Who is awarded the CSAT top scholarship?,https://kau.ac.kr/web/pages/gc98903h.do,http://college.kau.ac.kr/web/pages/gc75909h.do
On what basis is the Hanjin Group (undergraduate (department) senior) scholarship awarded?,https://kau.ac.kr/web/pages/gc98903h.do,https://kau.ac.kr/web/pages/gc81492h.do
On what basis is the standard scholarship awarded?,https://kau.ac.kr/web/pages/gc98903h.do,https://kau.ac.kr/web/pages/gc78248h.do
In what cases is the academic achievement scholarship awarded to international freshmen?,https://kau.ac.kr/web/pages/gc98903h.do,https://kau.ac.kr/web/pages/gc78248h.do
What are the criteria for awarding scholarships to people of national merit?,https://kau.ac.kr/web/pages/gc98903h.do,https://kau.ac.kr/web/pages/gc78248h.do
What are the criteria for awarding scholarships to North Korean defectors?,https://kau.ac.kr/web/pages/gc98903h.do,https://kau.ac.kr/web/pages/gc78248h.do
What are the criteria for awarding scholarships to international students?,https://kau.ac.kr/web/pages/gc98903h.do,https://kau.ac.kr/web/pages/gc78248h.do
What are the criteria for awarding international exchange student scholarships?,https://kau.ac.kr/web/pages/gc98903h.do,https://kau.ac.kr/web/pages/gc78248h.do
On what basis is the Eunik Scholarship awarded?,https://kau.ac.kr/web/pages/gc98903h.do,https://kau.ac.kr/web/pages/gc81492h.do
On what basis are contract department scholarships awarded?,https://kau.ac.kr/web/pages/gc98903h.do,https://kau.ac.kr/web/pages/gc81492h.do
On what basis are exchange student scholarships awarded?,https://kau.ac.kr/web/pages/gc98903h.do,https://kau.ac.kr/web/pages/gc81492h.do
What are the criteria for awarding overseas study scholarships?,https://kau.ac.kr/web/pages/gc98903h.do,https://kau.ac.kr/web/pages/gc78248h.do
On what basis are service scholarships awarded?,https://kau.ac.kr/web/pages/gc98903h.do,https://kau.ac.kr/web/pages/gc18564h.do
What are the criteria for awarding Hangang University scholarships?,https://kau.ac.kr/web/pages/gc98903h.do,https://kau.ac.kr/web/pages/gc78248h.do
What are the criteria for awarding scholarships to military entrusted students?,https://kau.ac.kr/web/pages/gc98903h.do,http://college.kau.ac.kr/web/pages/gc75909h.do
On what basis is the Achievement Memorial Scholarship awarded?,https://kau.ac.kr/web/pages/gc98903h.do,http://college.kau.ac.kr/web/pages/gc75909h.do
On what basis are welfare scholarships for the disabled paid?,https://kau.ac.kr/web/pages/gc98903h.do,https://kau.ac.kr/web/pages/gc81492h.do
On what basis are scholarships awarded to direct children of faculty and staff?,https://kau.ac.kr/web/pages/gc98903h.do,https://kau.ac.kr/web/pages/gc81492h.do
In what cases is an honorary scholarship awarded?,https://kau.ac.kr/web/pages/gc98903h.do,https://kau.ac.kr/web/pages/gc81492h.do
What are the criteria for awarding multicultural family support scholarships?,https://kau.ac.kr/web/pages/gc98903h.do,https://kau.ac.kr/web/pages/gc81492h.do
On what basis are scholarships awarded for national examinations and professional qualification examinations?,https://kau.ac.kr/web/pages/gc98903h.do,https://kau.ac.kr/web/pages/gc1021h.do
On what basis are special scholarships awarded for master's degree programs?,https://kau.ac.kr/web/pages/gc98903h.do,https://kau.ac.kr/web/pages/gc51173h.do
On what basis are special scholarships awarded for doctoral programs?,https://kau.ac.kr/web/pages/gc98903h.do,https://kau.ac.kr/web/pages/gc81492h.do
On what basis are TA and RA scholarships awarded?,https://kau.ac.kr/web/pages/gc98903h.do,https://kau.ac.kr/web/pages/gc81492h.do
On what basis is the working assistant scholarship awarded?,https://kau.ac.kr/web/pages/gc98903h.do,https://kau.ac.kr/web/pages/gc81492h.do
What are the criteria for awarding academic excellence scholarships to freshmen?,https://kau.ac.kr/web/pages/gc98903h.do,https://kau.ac.kr/web/pages/gc78248h.do
What are the criteria for awarding scholarships for the highest grades?,https://kau.ac.kr/web/pages/gc98903h.do,https://kau.ac.kr/web/pages/gc78248h.do
On what basis are scholarships linked to bachelor's and master's degrees awarded?,https://kau.ac.kr/web/pages/gc98903h.do,https://kau.ac.kr/web/pages/gc51173h.do
What are the criteria for awarding master's/doctoral scholarships?,https://kau.ac.kr/web/pages/gc98903h.do,https://kau.ac.kr/web/pages/gc51173h.do
On what basis are scholarships awarded to senior academic staff?,https://kau.ac.kr/web/pages/gc98903h.do,https://kau.ac.kr/web/pages/gc81492h.do
On what basis are contracts and scholarships paid?,https://kau.ac.kr/web/pages/gc98903h.do,https://kau.ac.kr/web/pages/gc81492h.do
On what basis are industry-academia-research scholarships awarded?,https://kau.ac.kr/web/pages/gc98903h.do,https://kau.ac.kr/web/pages/gc3480h.do
On what basis is military consignment scholarship awarded?,https://kau.ac.kr/web/pages/gc98903h.do,http://college.kau.ac.kr/web/pages/gc75909h.do
What are the criteria for awarding scholarships to general graduate schools?,https://kau.ac.kr/web/pages/gc98903h.do,https://kau.ac.kr/web/pages/gc78248h.do
Who is awarded the National Excellence (Science and Engineering) Scholarship?,https://kau.ac.kr/web/pages/gc32582h.do,http://college.kau.ac.kr/web/pages/gc75909h.do
What conditions must be met to receive a national scholarship?,https://kau.ac.kr/web/pages/gc32582h.do,https://kau.ac.kr/web/pages/gc78248h.do
What conditions must be met to receive a national merit scholarship?,https://kau.ac.kr/web/pages/gc32582h.do,http://college.kau.ac.kr/web/pages/gc75909h.do
What conditions must be met to receive a scholarship for North Korean defectors?,https://kau.ac.kr/web/pages/gc32582h.do,https://kau.ac.kr/web/pages/gc63682h.do
What conditions must be met to receive the Rural Hope Foundation scholarship?,https://kau.ac.kr/web/pages/gc32582h.do,https://kau.ac.kr/web/pages/gc81492h.do
What conditions must be met to receive the Hyundai Motor Chung Mong-koo Foundation scholarship?,https://kau.ac.kr/web/pages/gc32582h.do,https://kau.ac.kr/web/pages/gc78248h.do
What conditions must be met to receive the Alumni Association Scholarship Cultural Foundation scholarship?,https://kau.ac.kr/web/pages/gc32582h.do,https://kau.ac.kr/web/pages/gc78248h.do
What conditions must be met to receive the Bonsol Kim Jong-han Scholarship Foundation scholarship?,https://kau.ac.kr/web/pages/gc32582h.do,https://kau.ac.kr/web/pages/gc81492h.do
What conditions must be met to receive the Samsung Dream Class Scholarship?,https://kau.ac.kr/web/pages/gc32582h.do,https://kau.ac.kr/web/pages/gc78248h.do
What conditions must be met to receive the Stepping Stone Scholarship?,https://kau.ac.kr/web/pages/gc32582h.do,https://kau.ac.kr/web/pages/gc78248h.do
What conditions must be met to receive the Blue Lighthouse Scholarship?,https://kau.ac.kr/web/pages/gc32582h.do,http://college.kau.ac.kr/web/pages/gc75909h.do
What conditions must be met to receive the DB Kim Jun-ki Cultural Foundation scholarship?,https://kau.ac.kr/web/pages/gc32582h.do,http://college.kau.ac.kr/web/pages/gc40465h.do
What conditions must be met to receive the Moonju Scholarship Foundation scholarship?,https://kau.ac.kr/web/pages/gc32582h.do,https://kau.ac.kr/web/pages/gc81492h.do
What conditions must be met to receive the SeAH Haeam Academic Foundation Scholarship?,https://kau.ac.kr/web/pages/gc32582h.do,https://kau.ac.kr/web/pages/gc78248h.do
What conditions must be met to receive the Goyang Scholarship?,https://kau.ac.kr/web/pages/gc32582h.do,https://kau.ac.kr/web/pages/gc78248h.do
What conditions must be met to receive the Ilju Academic and Cultural Foundation scholarship?,https://kau.ac.kr/web/pages/gc32582h.do,https://kau.ac.kr/web/pages/gc81492h.do
What conditions must be met to receive the Amiram Scholarship?,https://kau.ac.kr/web/pages/gc32582h.do,https://kau.ac.kr/web/pages/gc81492h.do
What conditions must be met to receive the Korea Bang Jeong-Hwan Foundation scholarship?,https://kau.ac.kr/web/pages/gc32582h.do,https://kau.ac.kr/web/pages/gc78248h.do
86What conditions must be met to receive the Aviation Mechanical Alumni Scholarship?,https://kau.ac.kr/web/pages/gc32582h.do,http://college.kau.ac.kr/web/pages/gc75909h.do
What conditions must be met to receive the KT Creative Innovation Future Creative Leader Scholarship?,https://kau.ac.kr/web/pages/gc32582h.do,https://kau.ac.kr/web/pages/gc78248h.do
What conditions must be met to receive the Aviation Department Alumni Association scholarship?,https://kau.ac.kr/web/pages/gc32582h.do,http://college.kau.ac.kr/web/pages/gc75909h.do
What conditions must be met to receive the Geumgang Hong Suntak Scholarship?,https://kau.ac.kr/web/pages/gc32582h.do,https://kau.ac.kr/web/pages/gc78248h.do
What conditions must be met to receive a business administration scholarship?,https://kau.ac.kr/web/pages/gc32582h.do,http://college.kau.ac.kr/web/pages/gc9018h.do
What conditions must be met to receive the Asiana Port Scholarship?,https://kau.ac.kr/web/pages/gc32582h.do,https://kau.ac.kr/web/pages/gc81492h.do
What conditions must be met to receive the American Alumni Association scholarship?,https://kau.ac.kr/web/pages/gc32582h.do,https://kau.ac.kr/web/pages/gc78248h.do
What conditions must be met to receive the 12th Non-teaching Faculty Scholarship?,https://kau.ac.kr/web/pages/gc32582h.do,https://kau.ac.kr/web/pages/gc81492h.do
What conditions must be met to receive the Samtohoe (our school's retired faculty association) scholarship?,https://kau.ac.kr/web/pages/gc32582h.do,https://kau.ac.kr/web/pages/gc78248h.do
What conditions must be met to receive the Aerospace Research Institute Alumni Association Scholarship?,https://kau.ac.kr/web/pages/gc32582h.do,http://college.kau.ac.kr/web/pages/gc75909h.do
What conditions must be met to receive the Hwajeon Central Church scholarship?,https://kau.ac.kr/web/pages/gc32582h.do,https://kau.ac.kr/web/pages/gc81492h.do
What conditions must be met to receive the Gocheonju Scholarship?,https://kau.ac.kr/web/pages/gc32582h.do,https://kau.ac.kr/web/pages/gc78248h.do
What conditions must be met to receive the Nest Scholarship?,https://kau.ac.kr/web/pages/gc32582h.do,https://kau.ac.kr/web/pages/gc78248h.do
What conditions must be met to receive the Narae 4 Scholarship?,https://kau.ac.kr/web/pages/gc32582h.do,https://kau.ac.kr/web/pages/gc81492h.do
What conditions must be met to receive the Jo Gyu-bon Scholarship?,https://kau.ac.kr/web/pages/gc32582h.do,https://kau.ac.kr/web/pages/gc78248h.do
What conditions must be met to receive the Lee Chang-seok Scholarship?,https://kau.ac.kr/web/pages/gc32582h.do,https://kau.ac.kr/web/pages/gc78248h.do
What conditions must be met to receive the Choi Kwang-don Scholarship?,https://kau.ac.kr/web/pages/gc32582h.do,https://kau.ac.kr/web/pages/gc78248h.do
What conditions must be met to receive the Democratic Alumni Scholarship?,https://kau.ac.kr/web/pages/gc32582h.do,https://kau.ac.kr/web/pages/gc78248h.do
Who is eligible for payments other than the scholarships mentioned above?,https://kau.ac.kr/web/pages/gc32582h.do,https://kau.ac.kr/web/pages/gc81492h.do
What amenities are available in the student center?,https://kau.ac.kr/web/pages/gc17412h.do,https://www.kau.ac.kr/web/pages/gc13087b.do
What amenities are available in the student cafeteria?,https://kau.ac.kr/web/pages/gc17412h.do,https://www.kau.ac.kr/web/pages/gc13087b.do
What is the phone number of the convenience store in the student cafeteria?,https://kau.ac.kr/web/pages/gc17412h.do,http://college.kau.ac.kr/web/pages/gc61816h.do
What are the operating hours of Woori Bank in the student cafeteria?,https://kau.ac.kr/web/pages/gc17412h.do,http://college.kau.ac.kr/web/pages/gc61816h.do
Where is Blue Port located in the student cafeteria?,https://kau.ac.kr/web/pages/gc17412h.do,https://www.kau.ac.kr/web/pages/gc13087b.do
What amenities are available in the engineering building?,https://kau.ac.kr/web/pages/gc17412h.do,http://college.kau.ac.kr/web/pages/gc46927h.do
What is the phone number of the convenience store on the first floor of Electronics Building?,https://kau.ac.kr/web/pages/gc17412h.do,http://college.kau.ac.kr/web/pages/gc83710h.do
What amenities are available on the 3rd floor of the Mechanical Building?,https://kau.ac.kr/web/pages/gc17412h.do,http://college.kau.ac.kr/web/pages/gc75909h.do
What is the phone number of the convenience store on the 4th floor of the lecture building?,https://kau.ac.kr/web/pages/gc17412h.do,http://college.kau.ac.kr/web/pages/gc61816h.do
What amenities are available in the dormitory?,https://kau.ac.kr/web/pages/gc17412h.do,https://www.kau.ac.kr/web/pages/gc13087b.do
Is there an emergency contact number in the research building?,https://kau.ac.kr/web/pages/gc17412h.do,http://college.kau.ac.kr/web/pages/gc83710h.do
In what areas is boarding available?,https://kau.ac.kr/web/pages/gc82522h.do,http://college.kau.ac.kr/web/pages/gc75909h.do
What is the housing type of the boarding house?,https://kau.ac.kr/web/pages/gc82522h.do,https://kau.ac.kr/web/pages/gc84448h.do
Can I stay in a boarding house in Sinchon? Which transportation should I use?,https://kau.ac.kr/web/pages/gc82522h.do,http://college.kau.ac.kr/web/pages/gc81027h.do
Can I stay in Haengsin or Hwajeong area? Which transportation should I use?,https://kau.ac.kr/web/pages/gc82522h.do,http://college.kau.ac.kr/web/pages/gc81027h.do
Can I stay in a boarding house in the Ilsan area? Which transportation should I use?,https://kau.ac.kr/web/pages/gc82522h.do,http://college.kau.ac.kr/web/pages/gc81027h.do
Can I stay at the Korea Scholarship Foundation Association Dormitory? Which transportation should I use?,https://kau.ac.kr/web/pages/gc82522h.do,http://college.kau.ac.kr/web/pages/gc81027h.do
What is the purpose of the student council?,https://kau.ac.kr/web/pages/gc51160h.do,https://kau.ac.kr/web/pages/gc6309h.do
What is the purpose of the club association?,https://kau.ac.kr/web/pages/gc59030h.do,http://college.kau.ac.kr/web/pages/gc9018h.do
Where is the Student Welfare Committee located?,https://kau.ac.kr/web/pages/gc221h.do,http://college.kau.ac.kr/web/pages/gc61816h.do
How can I contact the Student Welfare Committee via Instagram DM?,https://kau.ac.kr/web/pages/gc221h.do,http://college.kau.ac.kr/web/pages/gc61816h.do
How can I contact the Student Welfare Committee's Facebook Messenger & KakaoTalk Plus friends?,https://kau.ac.kr/web/pages/gc221h.do,http://college.kau.ac.kr/web/pages/gc61816h.do
What services are provided by the Student Welfare Committee?,https://kau.ac.kr/web/pages/gc221h.do,https://kau.ac.kr/web/pages/gc6309h.do
How can I charge my cell phone and rent an auxiliary battery?,https://kau.ac.kr/web/pages/gc221h.do,https://kau.ac.kr/web/pages/gc18564h.do
How can I rent an umbrella?,https://kau.ac.kr/web/pages/gc221h.do,https://www.kau.ac.kr/web/pages/gc13087b.do
What is on the list of other items rented by the Student Welfare Committee?,https://kau.ac.kr/web/pages/gc221h.do,https://www.kau.ac.kr/web/pages/gc13087b.do
How can I use free printing and copying?,https://kau.ac.kr/web/pages/gc221h.do,https://www.kau.ac.kr/web/pages/gc13087b.do
How can I make suggestions and request group purchases?,https://kau.ac.kr/web/pages/gc221h.do,https://www.kau.ac.kr/web/pages/gc13087b.do
How can I use the Lost and Found business?,https://kau.ac.kr/web/pages/gc221h.do,http://college.kau.ac.kr/web/pages/gc61816h.do
How can I use volunteer group management?,https://kau.ac.kr/web/pages/gc221h.do,https://kau.ac.kr/web/pages/gc18564h.do
What services does the sorority provide?,https://kau.ac.kr/web/pages/gc88949h.do,https://kau.ac.kr/web/pages/gc18564h.do
Where is the female student-only lounge located?,https://kau.ac.kr/web/pages/gc88949h.do,http://college.kau.ac.kr/web/pages/gc61816h.do
What facilities are available in the lounge?,https://kau.ac.kr/web/pages/gc88949h.do,https://www.kau.ac.kr/web/pages/gc13087b.do
What procedure should I go through to use a sleep bed?,https://kau.ac.kr/web/pages/gc88949h.do,https://kau.ac.kr/web/pages/gc1021h.do
What is the time to use in the lounge?,https://kau.ac.kr/web/pages/gc88949h.do,https://www.kau.ac.kr/web/pages/gc13087b.do
What items do you provide as a girl rental item?,https://kau.ac.kr/web/pages/gc88949h.do,https://www.kau.ac.kr/web/pages/gc13087b.do
What procedure should I go through to use rental items?,https://kau.ac.kr/web/pages/gc88949h.do,https://kau.ac.kr/web/pages/gc81492h.do
“Under what conditions should rental items be used?”,https://kau.ac.kr/web/pages/gc88949h.do,http://college.kau.ac.kr/web/pages/gc75909h.do
What is the purpose of establishing Hannarae Broadcasting Station?,https://kau.ac.kr/web/pages/gc98930h.do,http://college.kau.ac.kr/web/pages/gc71348h.do
What kind of activities does Aviation Newspaper do?,https://kau.ac.kr/web/pages/gc98930h.do,https://kau.ac.kr/web/pages/gc3480h.do
What is the purpose of establishing Falcon (English newspaper)?,https://kau.ac.kr/web/pages/gc98930h.do,https://kau.ac.kr/web/pages/gc3480h.do
What are the activities of Falcon (English newspaper)?,https://kau.ac.kr/web/pages/gc98930h.do,https://kau.ac.kr/web/pages/gc3480h.do
What services does the Medical Support Center provide?,https://kau.ac.kr/web/pages/gc62234h.do,http://college.kau.ac.kr/web/pages/gc46927h.do
Where is the location and contact information for the medical support office?,https://kau.ac.kr/web/pages/gc62234h.do,http://college.kau.ac.kr/web/pages/gc61816h.do
What are the operating dates and times of the medical support room?,https://kau.ac.kr/web/pages/gc62234h.do,https://kau.ac.kr/web/pages/gc74039h.do
What facilities are provided by the medical support office?,https://kau.ac.kr/web/pages/gc62234h.do,http://college.kau.ac.kr/web/pages/gc46927h.do
What kind of medical support can I receive at the medical support office?,https://kau.ac.kr/web/pages/gc62234h.do,http://college.kau.ac.kr/web/pages/gc75909h.do
What health tests can be done at the medical support office?,https://kau.ac.kr/web/pages/gc62234h.do,http://college.kau.ac.kr/web/pages/gc75909h.do
When and where is the stability room available?,https://kau.ac.kr/web/pages/gc62234h.do,http://college.kau.ac.kr/web/pages/gc95911h.do
How can I rent a first aid kit?,https://kau.ac.kr/web/pages/gc62234h.do,https://www.kau.ac.kr/web/pages/gc13087b.do
"How can I contact the medical support office?""",https://kau.ac.kr/web/pages/gc62234h.do,http://college.kau.ac.kr/web/pages/gc61816h.do
What is the location and contact information of the reserve battalion?,https://kau.ac.kr/web/pages/gc37548h.do,http://college.kau.ac.kr/web/pages/gc61816h.do
What is the operating policy of the reserve force battalion?,https://kau.ac.kr/web/pages/gc37548h.do,http://college.kau.ac.kr/web/pages/gc75909h.do
What is the target group of the reserve forces?,https://kau.ac.kr/web/pages/gc37548h.do,http://college.kau.ac.kr/web/pages/gc75909h.do
What is the reporting period and method for reserve military members?,https://kau.ac.kr/web/pages/gc37548h.do,https://kau.ac.kr/web/pages/gc86171h.do
How is reserve force education and training conducted?,https://kau.ac.kr/web/pages/gc37548h.do,http://college.kau.ac.kr/web/pages/gc75909h.do
How do I select and apply for a training schedule?,https://kau.ac.kr/web/pages/gc37548h.do,https://kau.ac.kr/web/pages/gc45400h.do
Please tell us about the ROTC system.,https://kau.ac.kr/web/pages/gc37548h.do,http://college.kau.ac.kr/web/pages/gc75909h.do
“What are the qualifications and required documents for applying to the school district?”,https://kau.ac.kr/web/pages/gc37548h.do,https://kau.ac.kr/web/pages/gc81492h.do
What is the founding philosophy of Korea Aerospace University?,https://kau.ac.kr/web/pages/gc3480h.do,https://kau.ac.kr/web/pages/gc3480h.do
What is the educational philosophy of Korea Aerospace University?,https://kau.ac.kr/web/pages/gc3480h.do,https://kau.ac.kr/web/pages/gc3480h.do
What is the educational purpose of Korea Aerospace University?,https://kau.ac.kr/web/pages/gc3480h.do,https://kau.ac.kr/web/pages/gc3480h.do
Please tell us about the history and development process of Korea Aerospace University.,https://kau.ac.kr/web/pages/gc3480h.do,http://college.kau.ac.kr/web/pages/gc46927h.do
What roles do Korea Aerospace University graduates play?,https://kau.ac.kr/web/pages/gc3480h.do,http://college.kau.ac.kr/web/pages/gc95228h.do
Who is the planning and public relations team at Korea Aerospace University?,https://kau.ac.kr/web/pages/gc3480h.do,http://college.kau.ac.kr/web/pages/gc46927h.do
"How can I contact Korea Aerospace University's Planning and Public Relations Team?""",https://kau.ac.kr/web/pages/gc3480h.do,http://college.kau.ac.kr/web/pages/gc46927h.do
What is the founding spirit?,https://kau.ac.kr/web/pages/gc66045h.do,https://kau.ac.kr/web/pages/gc3480h.do
What does the educational philosophy include?,https://kau.ac.kr/web/pages/gc66045h.do,http://college.kau.ac.kr/web/pages/gc39611h.do
What is the purpose of education?,https://kau.ac.kr/web/pages/gc66045h.do,http://college.kau.ac.kr/web/pages/gc9018h.do
What do the educational goals include?,https://kau.ac.kr/web/pages/gc66045h.do,http://college.kau.ac.kr/web/pages/gc9018h.do
What do core competencies include?,https://kau.ac.kr/web/pages/gc66045h.do,http://college.kau.ac.kr/web/pages/gc9018h.do
Please provide the information of a person in charge who can inquire.,https://kau.ac.kr/web/pages/gc66045h.do,http://college.kau.ac.kr/web/pages/gc61816h.do
What is it about KAU’s educational innovations?,https://kau.ac.kr/web/pages/gc52782h.do,https://kau.ac.kr/web/pages/gc3480h.do
What efforts are you making to strengthen KAU’s research capabilities?,https://kau.ac.kr/web/pages/gc52782h.do,http://college.kau.ac.kr/web/pages/gc46927h.do
Please tell us how KAU is establishing a global brand.,https://kau.ac.kr/web/pages/gc52782h.do,http://college.kau.ac.kr/web/pages/gc40919h.do
Please tell us how KAU is creating win-win value with the local community.,https://kau.ac.kr/web/pages/gc52782h.do,http://college.kau.ac.kr/web/pages/gc61816h.do
What efforts is KAU making to achieve a sustainable university?,https://kau.ac.kr/web/pages/gc52782h.do,http://college.kau.ac.kr/web/pages/gc46927h.do
What areas are included in KAU’s aerospace specialization?,https://kau.ac.kr/web/pages/gc52782h.do,http://college.kau.ac.kr/web/pages/gc46927h.do
Please tell us how KAU is nurturing future innovative talent in the aerospace field.,https://kau.ac.kr/web/pages/gc52782h.do,https://kau.ac.kr/web/pages/gc3480h.do
Please tell us how KAU is creating shared value in the future aerospace industry.,https://kau.ac.kr/web/pages/gc52782h.do,http://college.kau.ac.kr/web/pages/gc46927h.do
How can I contact KAU’s Planning and Public Relations Team?,https://kau.ac.kr/web/pages/gc52782h.do,http://college.kau.ac.kr/web/pages/gc61816h.do
"What events are happening on June 16, 2023?",https://kau.ac.kr/web/pages/gc66085h.do,https://kau.ac.kr/web/pages/gc74039h.do
"What changed on May 15, 2023?",https://kau.ac.kr/web/pages/gc66085h.do,https://kau.ac.kr/web/pages/gc74039h.do
"What changed on October 18, 2022?",https://kau.ac.kr/web/pages/gc66085h.do,https://kau.ac.kr/web/pages/gc74039h.do
"What events are happening on June 16, 2022?",https://kau.ac.kr/web/pages/gc66085h.do,https://kau.ac.kr/web/pages/gc74039h.do
"What changed on January 1, 2022?",https://kau.ac.kr/web/pages/gc66085h.do,https://kau.ac.kr/web/pages/gc74039h.do
"What changed on December 31, 2021?",https://kau.ac.kr/web/pages/gc66085h.do,https://kau.ac.kr/web/pages/gc74039h.do
"What changed on December 1, 2021?",https://kau.ac.kr/web/pages/gc66085h.do,https://kau.ac.kr/web/pages/gc74039h.do
"What's happening on June 16, 2021?",https://kau.ac.kr/web/pages/gc66085h.do,https://kau.ac.kr/web/pages/gc74039h.do
"What changed on March 1, 2021?",https://kau.ac.kr/web/pages/gc66085h.do,https://kau.ac.kr/web/pages/gc74039h.do
"What event took place on February 19, 2021?",https://kau.ac.kr/web/pages/gc66085h.do,https://kau.ac.kr/web/pages/gc74039h.do
"Among the university organizations, what types of university organizations are there?",https://kau.ac.kr/web/pages/gc53123h.do,http://college.kau.ac.kr/web/pages/gc81027h.do
What are included in the university regulations?,https://kau.ac.kr/web/pages/gc8314h.do,https://kau.ac.kr/web/pages/gc86720h.do
What are the colors of the 70th Anniversary UI?,https://kau.ac.kr/web/pages/gc60434h.do,https://www.kau.ac.kr/web/pages/gc13087b.do
What do the signatures and emblems of the 70th Anniversary UI look like?,https://kau.ac.kr/web/pages/gc60434h.do,https://www.kau.ac.kr/web/pages/gc13087b.do
What does the symbol of Korea Aerospace University look like?,https://kau.ac.kr/web/pages/gc60434h.do,http://college.kau.ac.kr/web/pages/gc46927h.do
What is the difference between the basic emblem and the color usage type?,https://kau.ac.kr/web/pages/gc60434h.do,http://college.kau.ac.kr/web/pages/gc75909h.do
What do the left-right and top-bottom combinations of the emblem look like?,https://kau.ac.kr/web/pages/gc60434h.do,http://college.kau.ac.kr/web/pages/gc75909h.do
"What does the school color, ultramarine blue, mean?",https://kau.ac.kr/web/pages/gc60434h.do,http://college.kau.ac.kr/web/pages/gc75909h.do
"What does the pine tree, a tree, mean?",https://kau.ac.kr/web/pages/gc60434h.do,https://kau.ac.kr/web/pages/gc3480h.do
"What does the dogma, Songolmae, mean?",https://kau.ac.kr/web/pages/gc60434h.do,https://www.kau.ac.kr/web/pages/gc13087b.do
"What does lilac, a flower, mean?",https://kau.ac.kr/web/pages/gc60434h.do,https://kau.ac.kr/web/pages/gc3480h.do
Who wrote the lyrics of Korea Aerospace University's school song?,https://kau.ac.kr/web/pages/gc60434h.do,http://college.kau.ac.kr/web/pages/gc40465h.do
What does Korea Aerospace University’s word mark look like?,https://kau.ac.kr/web/pages/gc60434h.do,http://college.kau.ac.kr/web/pages/gc46927h.do
What does the logotype of Korea Aerospace University look like?,https://kau.ac.kr/web/pages/gc60434h.do,http://college.kau.ac.kr/web/pages/gc46927h.do
What does the signature of Korea Aerospace University look like?,https://kau.ac.kr/web/pages/gc60434h.do,http://college.kau.ac.kr/web/pages/gc46927h.do
What does the character of Korea Aerospace University look like?,https://kau.ac.kr/web/pages/gc60434h.do,https://kau.ac.kr/web/pages/gc3480h.do
"What do the characters ‘Mach’, ‘Mile’, and ‘Pete’ mean?”",https://kau.ac.kr/web/pages/gc60434h.do,http://college.kau.ac.kr/web/pages/gc29005h.do
What is the mission of Korea Aerospace University?,https://kau.ac.kr/web/pages/gc30058h.do,https://kau.ac.kr/web/pages/gc3480h.do
What fields does the curriculum at Korea Aerospace University include?,https://kau.ac.kr/web/pages/gc30058h.do,http://college.kau.ac.kr/web/pages/gc46927h.do
In what fields is Korea Aerospace University becoming the world's only comprehensive university?,https://kau.ac.kr/web/pages/gc30058h.do,https://kau.ac.kr/web/pages/gc3480h.do
What future industries is Korea Aerospace University preparing for?,https://kau.ac.kr/web/pages/gc30058h.do,http://college.kau.ac.kr/web/pages/gc95228h.do
Who is the president of Korea Aerospace University?,https://kau.ac.kr/web/pages/gc30058h.do,http://college.kau.ac.kr/web/pages/gc40465h.do
What educational background does the president of Korea Aerospace University have?,https://kau.ac.kr/web/pages/gc30058h.do,http://college.kau.ac.kr/web/pages/gc40465h.do
What experience does the president of Korea Aerospace University have?,https://kau.ac.kr/web/pages/gc30058h.do,http://college.kau.ac.kr/web/pages/gc46927h.do
What kind of campus activities does the president of Korea Aerospace University engage in?,https://kau.ac.kr/web/pages/gc30058h.do,https://kau.ac.kr/web/pages/gc3480h.do
What are the major books written by the president of Korea Aerospace University?,https://kau.ac.kr/web/pages/gc30058h.do,http://college.kau.ac.kr/web/pages/gc40465h.do
What was the term of office of Dr. Woong Kang as the 7th president?,https://kau.ac.kr/web/pages/gc36597h.do,http://college.kau.ac.kr/web/pages/gc40465h.do
"What was the term of office of the 5th president, Dr. Yeo Jun-gu?",https://kau.ac.kr/web/pages/gc36597h.do,http://college.kau.ac.kr/web/pages/gc40465h.do
"What was the term of office of the 3rd president, Dr. Hong Soon-gil?",https://kau.ac.kr/web/pages/gc36597h.do,http://college.kau.ac.kr/web/pages/gc95911h.do
"What was the term of office of the second president, Dr. Oh-Hwa Park?",https://kau.ac.kr/web/pages/gc36597h.do,http://college.kau.ac.kr/web/pages/gc40465h.do
"What was the term of office of the first president, Dr. Hyungjae Lee?",https://kau.ac.kr/web/pages/gc36597h.do,http://college.kau.ac.kr/web/pages/gc40465h.do
"What was the term of office of the 13th Dean, Dr. Hyangwook Kim?",https://kau.ac.kr/web/pages/gc36597h.do,http://college.kau.ac.kr/web/pages/gc40465h.do
"What was the term of office of the 12th Dean, Professor Jaehwan Kim?",https://kau.ac.kr/web/pages/gc36597h.do,http://college.kau.ac.kr/web/pages/gc40465h.do
"What was the term of office of the 10th dean, Dr. Manwoon Han?",https://kau.ac.kr/web/pages/gc36597h.do,http://college.kau.ac.kr/web/pages/gc40465h.do
"What was the term of office of the 9th dean, Song Hee-cheol?",https://kau.ac.kr/web/pages/gc36597h.do,http://college.kau.ac.kr/web/pages/gc40465h.do
"What was the term of office of the 5th dean, Seok-Hwan Kim?",https://kau.ac.kr/web/pages/gc36597h.do,http://college.kau.ac.kr/web/pages/gc40465h.do
"What was the term of office of the 3rd dean, Mr. Nosu Kim?",https://kau.ac.kr/web/pages/gc36597h.do,http://college.kau.ac.kr/web/pages/gc40465h.do
"What was the term of office of the 2nd, 4th, 7th, and 8th Dean Song Hyo-kyung?",https://kau.ac.kr/web/pages/gc36597h.do,http://college.kau.ac.kr/web/pages/gc40465h.do
"What was the term of office of the first principal, Kim Yun-gi?",https://kau.ac.kr/web/pages/gc36597h.do,http://college.kau.ac.kr/web/pages/gc40465h.do
